vbe: Initialising...
vbe: Version: 3.0
vbe: OEM: SeaBIOS VBE(C) 2011
vbe: Graphics vendor: SeaBIOS Developers
vbe: Product name: SeaBIOS VBE Adapter
vbe: Product revision: Rev. 1
edid: Success.
vbe: EDID detected screen resolution of 1280x800
vbe: Found matching mode 0x17a, attempting to set...
vbe: Framebuffer address: 0xfd000000
edid: Success.
[2J[H
[2;27H[36mLimine 11.4.1 (x86-64, BIOS)[0m



[13;1H                                   [7m tobyOS [27m
[4;1H    [32mARROWS[0m Select    [32mENTER[0m Boot    [32mE[0m Edit[4;64H[32mB[0m Blank Entry[14;1H

[24;1H[2K[32mBooting automatically in [92m3[32m, press any key to stop the countdown...[0m[24;1H[2K[32mBooting automatically in [92m2[32m, press any key to stop the countdown...[0m[24;1H[2K[32mBooting automatically in [92m1[32m, press any key to stop the countdown...[0m[2J[Hlimine: Loading executable `boot():/boot/tobyos.bin`...
limine: Physical base:   0x7c8d000
limine: Virtual base:    0xffffffff80000000
limine: Slide:           0x0
limine: ELF entry point: 0xffffffff80001000
limine: Base revision:   3
limine: Requests count:  6
limine: Top of HHDM:     0x40000000
acpi: Found RSDP at 0xf52d0
limine: Loading module `boot():/boot/initrd.tar`...
limine: Loading module `boot():/boot/install.img`...
vbe: Initialising...
vbe: Version: 3.0
vbe: OEM: SeaBIOS VBE(C) 2011
vbe: Graphics vendor: SeaBIOS Developers
vbe: Product name: SeaBIOS VBE Adapter
vbe: Product revision: Rev. 1
edid: Success.
vbe: EDID detected screen resolution of 1280x800
vbe: Found matching mode 0x17a, attempting to set...
vbe: Mode was already set, perfect!
vbe: Framebuffer address: 0xfd000000
edid: Success.
paging: 1GiB pages are not supported!
acpi: Found RSDP at 0xf52d0
acpi: "DMAR" not found
acpi: Found RSDP at 0xf52d0
acpi: "IVRS" not found
[------] [boot] serial up
[------] [0] INFO  slog    : slog ready (depth=256, persist=/data/system.log)
[------] [0] INFO  boot    : tobyOS boot sequence started
[------] [boot] framebuffer: 1280x800 pitch=5120 bpp=32 addr=0xffff8000fd000000
[------] [boot] console up
[------] [gdt] loaded: base=0xffffffff800ec6d0 limit=55 entries=7
[------] [gdt] CS=0x08 DS=0x10 (expected CS=0x08 DS=0x10)
[------] [gdt] user CS=0x23 DS=0x1b  TSS sel=0x28 (TSS slot empty until tss_init)
[------] [idt] loaded: base=0xffffffff800ec720 limit=4095 (256 gates wired)
[------] [boot] firing int3 to exercise IDT round-trip...
[------] [isr] breakpoint hit at rip=0xffffffff8000109f (rflags=0x82)
[------] [boot] int3 returned cleanly, IDT round-trip OK
[------] [0] INFO  wdog    : watchdog ready (timeout=10000 ms)
[0 ms] [pit] channel 0 -> 100 Hz (divisor=11931)
[0 ms] [kbd] PS/2 driver up (IRQ1 enabled + unmasked)
[10 ms] [boot] interrupts enabled (IRQ0 timer + IRQ1 keyboard, via legacy PIC for early boot)
[70 ms] [perf] TSC calibrated: 6619 MHz (330980929 cycles in 50000000 ns)
[70 ms] [boot] HHDM offset = 0xffff800000000000
[70 ms] [pmm] Limine memmap (19 entries):
[70 ms]   0x0000000000001000..0x0000000000061000       384 KiB  bootloader
[70 ms]   0x0000000000061000..0x000000000009f000       248 KiB  usable
[70 ms]   0x000000000009fc00..0x00000000000a0000         1 KiB  reserved
[70 ms]   0x00000000000f0000..0x0000000000100000        64 KiB  reserved
[70 ms]   0x0000000000100000..0x00000000076c0000    120576 KiB  usable
[70 ms]   0x00000000076c0000..0x0000000007ac0000      4096 KiB  kernel
[70 ms]   0x0000000007ac0000..0x0000000007ac1000         4 KiB  bootloader
[70 ms]   0x0000000007ac1000..0x0000000007c83000      1800 KiB  kernel
[70 ms]   0x0000000007c83000..0x0000000007c84000         4 KiB  bootloader
[70 ms]   0x0000000007c84000..0x0000000007c87000        12 KiB  usable
[70 ms]   0x0000000007c87000..0x0000000007c8d000        24 KiB  bootloader
[70 ms]   0x0000000007c8d000..0x0000000007e86000      2020 KiB  kernel
[70 ms]   0x0000000007e86000..0x0000000007f4b000       788 KiB  bootloader
[70 ms]   0x0000000007f4b000..0x0000000007f66000       108 KiB  usable
[70 ms]   0x0000000007f66000..0x0000000007fe0000       488 KiB  bootloader
[70 ms]   0x0000000007fe0000..0x0000000008000000       128 KiB  reserved
[70 ms]   0x00000000fd000000..0x00000000fd3e8000      4000 KiB  framebuffer
[70 ms]   0x00000000fffc0000..0x0000000100000000       256 KiB  reserved
[70 ms]   0x000000fd00000000..0x0000010000000000  12582912 KiB  reserved
[70 ms] [pmm] managed:  32614 pages (127 MiB) up to 0x0000000007f66000
[70 ms] [pmm] usable:   120944 KiB across 19 regions
[70 ms] [pmm] bitmap:   4077 bytes at phys 0x0000000000061000 (virt 0xffff800000061000), 1 pages
[70 ms] [pmm] free:     30235 pages (118 MiB) -- used: 2379 pages
[70 ms] [pmm] test: allocated 0x0000000000062000 0x0000000000063000 0x0000000000064000 0x0000000000065000 (free now=30231)
[70 ms] [pmm] test: read-back a=0xdeadbeefcafebabe d=0x1122334455667788
[80 ms] [pmm] test: alloc/free balanced (free=30235 before & after)
[80 ms] [boot] reserved AP trampoline page at phys 0x0000000000070000
[80 ms] [vmm] kernel image: virt 0xffffffff80000000..0xffffffff801f9000 -> phys 0x0000000007c8d000 (2020 KiB)
[80 ms] [vmm] hhdm mirror:  132 MiB across memmap, top phys 0x00000000fd400000, 2M pages
[80 ms] [vmm] new PML4 at phys 0x0000000000062000, switching CR3...
[80 ms] [vmm] CR3 switched. Running on tobyOS page tables.
[80 ms] [vmm] test: __text_start 0xffffffff80001000 -> phys 0x0000000007c8e000
[80 ms] [vmm] test: __data_start 0xffffffff800ab000 -> phys 0x0000000007d38000
[80 ms] [vmm] test: HHDM r/w through new PML4 at phys 0x0000000000069000 OK
[80 ms] [vmm] test: new mapping at 0xffffc00000000000 <-> phys 0x0000000000069000 verified
[80 ms] [vmm] test: unmap clears translation, scratch page freed
[80 ms] [vmm] test: ok
[80 ms] [heap] up: initial arena 17 pages (67 KiB)
[80 ms] [heap] start: arenas=1 total=69600 used=0 free=69600  brk=0xffffd00000011000 (region 0xffffd00000000000..0xffffd10000000000)
[80 ms] [heap] after 8 allocs: arenas=2 used=85616 free=65872 allocs=8
[80 ms] [heap] after 8 frees: arenas=2 used=0 free=151488 frees=8
[80 ms] [heap] test: ok (region OK, fragmented 80 KiB alloc OK, round-trip balanced, kcalloc zero-verified)
[80 ms] [heap] brk now 0xffffd00000025000 (148 KiB virt consumed)
[80 ms] [tss] installed: tss=0xffffffff801034f0 rsp0=0xffffffff801034f0 (irq stack 16 KiB)
[80 ms] [sys] EFER.SCE on, STAR=0x0010000800000000, LSTAR=0xffffffff80085d34, FMASK=0x700
[80 ms] [sys] kernel syscall rsp = 0xffffffff801034f0
[80 ms] [sys] available syscalls: 0=exit  1=write  2=read  3=pipe  4=close  5=yield
[80 ms] [sys]                     6=socket 7=bind 8=sendto 9=recvfrom
[80 ms] [sys]                     10=gui_create 11=gui_fill 12=gui_text 13=gui_flip 14=gui_poll_event
[80 ms] [sys]                     15=term_open 16=term_write 17=term_read 18=fs_readdir 19=fs_readfile 20=exec
[80 ms] [sys]                     21=setting_get 22=setting_set 23=login 24=logout 25=session_info
[80 ms] [sys]                     26=getuid 27=getgid 28=username 29=chmod 30=chown
[90 ms] [sys]   M25A: 31=getpid 32=getppid 33=spawn 34=waitpid 35=open 36=lseek 37=stat 38=fstat
[90 ms] [sys]         39=dup 40=dup2 41=unlink 42=mkdir 43=brk 44=getcwd 45=chdir 46=getenv
[90 ms] [sys]         47=nanosleep 48=clock_ms 49=abi_version (ABI v1)
[90 ms] [acpi] using RSDT @ 0x0000000007fe2452 (entries=4)
[90 ms] [acpi] MADT: lapic_phys (32-bit field) = 0x00000000fee00000, legacy_pic=yes
[90 ms] [acpi]   CPU0: acpi_id=0 apic_id=0 flags=0x1 enabled 
[90 ms] [acpi]   CPU1: acpi_id=1 apic_id=1 flags=0x1 enabled 
[90 ms] [acpi]   CPU2: acpi_id=2 apic_id=2 flags=0x1 enabled 
[90 ms] [acpi]   CPU3: acpi_id=3 apic_id=3 flags=0x1 enabled 
[90 ms] [acpi]   IOAPIC 0: mmio=0x00000000fec00000 gsi_base=0
[90 ms] [acpi]   ISO: ISA IRQ0 -> GSI 2 (flags=0x0)
[90 ms] [acpi]   ISO: ISA IRQ5 -> GSI 5 (flags=0xd)
[90 ms] [acpi]   ISO: ISA IRQ9 -> GSI 9 (flags=0xd)
[90 ms] [acpi]   ISO: ISA IRQ10 -> GSI 10 (flags=0xd)
[90 ms] [acpi]   ISO: ISA IRQ11 -> GSI 11 (flags=0xd)
[90 ms] [acpi]   LAPIC NMI: acpi_proc=255 lint=1 flags=0x0
[90 ms] [acpi] enumerated 4 CPU(s) (SMP), 1 IO APIC(s), 5 override(s), 1 NMI source(s)
[90 ms] [acpi] FADT: pm1a_cnt=0x604 pm1b_cnt=0x0 smi_cmd=0xb2 acpi_enable=0xf1 sci_int=9
[90 ms] [acpi] FADT: reset_reg not supported (flags=0x80a5)
[90 ms] [acpi] DSDT _S5_: SLP_TYPa=0 SLP_TYPb=0 (DSDT 8878 bytes)
[90 ms] [acpi] AML inventory: dsdt=8842 bytes, 0 SSDT(s)
[90 ms] [apic] BSP local APIC: phys=0x00000000fee00000 virt=0xffffd20000000000 id=0 ver=0x14
[90 ms] [apic] SVR=0x1ff  spurious_vec=0xff  timer_vec=0x40 (masked)
[100 ms] [apic] timer calibrated: ~4804000 ticks/10ms (~480400 kHz, ~480400000 Hz/sec)
[100 ms] [ioapic] chip 0: phys=0x00000000fec00000 virt=0xffffd20000010000 gsi=[0..23] ver=0x20 entries=24
[100 ms] [irq]   re-route ISA IRQ 0 -> GSI 2 vec=0x20 edge/ahigh
[100 ms] [irq]   re-route ISA IRQ 1 (identity, edge/ahigh) -> vec=0x21
[100 ms] [irq] facade: switched to IO APIC mode (2 IRQs re-routed)
[100 ms] [pci] enumerating bus 0...
[100 ms] [pci] 7 device(s):
[100 ms] [pci] 00:00.0  8086:1237  bridge.host       [100 ms] 
[100 ms] [pci] 00:01.0  8086:7000  bridge.isa        [100 ms] 
[100 ms] [pci] 00:01.1  8086:7010  storage.ide       [100 ms]   BAR4 io 16[100 ms] 
[110 ms] [pci] 00:01.3  8086:7113  bridge            [110 ms]   IRQ 9[110 ms] 
[110 ms] [pci] 00:02.0  1234:1111  display.vga       [110 ms]   BAR0 mem 16384K[110 ms]   BAR2 mem 4K[110 ms] 
[110 ms] [pci] 00:03.0  1af4:1044  device            [110 ms]   IRQ 11[110 ms]   BAR1 mem 4K[110 ms]   BAR4 mem 16K[110 ms] 
[120 ms] [pci] 00:04.0  8086:100e  network.ethernet  [120 ms]   IRQ 11[120 ms]   BAR0 mem 128K[120 ms]   BAR1 io 64[120 ms] 
[120 ms] [ata] primary master: 32768 sectors (16384 KiB) -- PIO LBA28 (PCI 00:01.1)
[130 ms] [blk] registered 'ide0:master' [disk] (32768 sectors, 16384 KiB)
[130 ms] [pci] driver blk_ata  bound to 00:01.1  (8086:7010) strat=generic
[140 ms] [virtio-rng] probing 00:03.0 (vid:did 1af4:1044)
[150 ms] [rng] CSPRNG ready (rdrand=0 words=0)
[160 ms] [rng] mixed 64 bytes from virtio-rng; hardware_seeded=1
[160 ms] [virtio-rng] mixed initial entropy
[160 ms] [pci] driver virtio-rng bound to 00:03.0  (1af4:1044) strat=exact
[160 ms] [e1000] probing 00:04.0  (vid:did 8086:100e)
[180 ms] [e1000] MMIO BAR0 phys=0x00000000febc0000 virt=0xffff8000febc0000 (128 KiB UC)
[180 ms] [e1000] MAC 52:54:00:12:34:56
[180 ms] [e1000] RX live RDBAL=0x0009c000 RDLEN=512 RDT=31 RCTL=0x0400800a
[180 ms] [e1000] no MSI cap -- staying polled (vec 0x50 is now idle)
[190 ms] [net] +nic e1000:00:04.0 mac=52:54:00:12:34:56 (slot 0)
[190 ms] [pci] driver e1000    bound to 00:04.0  (8086:100e) strat=exact
[190 ms] [pci] bind complete -- 3 of 7 device(s) bound  (3 newly this pass)
[200 ms] [blk] 1 device(s) registered:
[200 ms]   [0] ide0:master          disk    32768 sectors ( 16384 KiB)
[200 ms] [net] 1 nic(s) registered:
[210 ms]   [0] e1000:00:04.0 mac=52:54:00:12:34:56
[210 ms] [boot] Limine modules (2):
[210 ms]   [0] /boot/initrd.tar  size=1843200  addr=0xffff800007ac1000
[210 ms]   [1] /boot/install.img  size=4194304  addr=0xffff8000076c0000
[220 ms] [initrd] using '/boot/initrd.tar' (size=1843200, addr=0xffff800007ac1000)
[220 ms] [ramfs] mounted: 77 entries from 1843200-byte tar at 0xffff800007ac1000
[220 ms]   - bin/hello                         8848 B  data@0xffff800007ac1200
[230 ms]   - bin/bad                           8800 B  data@0xffff800007ac3800
[230 ms]   - bin/echo                          13032 B  data@0xffff800007ac5e00
[230 ms]   - bin/cat                           8864 B  data@0xffff800007ac9400
[230 ms]   - bin/long_task                     8864 B  data@0xffff800007acba00
[240 ms]   - bin/netecho                       17232 B  data@0xffff800007ace000
[240 ms]   - bin/gui_demo                      13080 B  data@0xffff800007ad2600
[240 ms]   - bin/gui_clock                     13032 B  data@0xffff800007ad5c00
[240 ms]   - bin/gui_widgets                   13672 B  data@0xffff800007ad9200
[250 ms]   - bin/gui_about                     13632 B  data@0xffff800007adca00
[250 ms]   - bin/gui_term                      13232 B  data@0xffff800007ae0200
[250 ms]   - bin/gui_files                     13624 B  data@0xffff800007ae3800
[250 ms]   - bin/gui_viewer                    13304 B  data@0xffff800007ae7000
[260 ms]   - bin/login                         13664 B  data@0xffff800007aea600
[260 ms]   - bin/gui_settings                  13760 B  data@0xffff800007aede00
[260 ms]   - bin/abi_test                      13064 B  data@0xffff800007af1600
[260 ms]   - bin/c_hello                       29648 B  data@0xffff800007af4c00
[270 ms]   - bin/c_args                        29648 B  data@0xffff800007afc200
[270 ms]   - bin/c_filedemo                    33744 B  data@0xffff800007b03800
[270 ms]   - bin/c_alloctest                   33744 B  data@0xffff800007b0be00
[270 ms]   - bin/c_envtest                     34104 B  data@0xffff800007b14400
[280 ms]   - bin/c_dynhello                    3328 B  data@0xffff800007b1cc00
[280 ms]   - bin/devlist                       34328 B  data@0xffff800007b1dc00
[280 ms]   - bin/drvtest                       34328 B  data@0xffff800007b26600
[280 ms]   - bin/usbtest                       38808 B  data@0xffff800007b2f000
[290 ms]   - bin/audiotest                     34328 B  data@0xffff800007b38a00
[290 ms]   - bin/batterytest                   34328 B  data@0xffff800007b41400
[290 ms]   - bin/displayinfo                   34328 B  data@0xffff800007b49e00
[300 ms]   - bin/drawtest                      34472 B  data@0xffff800007b52800
[300 ms]   - bin/rendertest                    42984 B  data@0xffff800007b5b200
[300 ms]   - bin/fonttest                      33808 B  data@0xffff800007b65c00
[300 ms]   - bin/logview                       34168 B  data@0xffff800007b6e400
[310 ms]   - bin/crashinfo                     33776 B  data@0xffff800007b76c00
[310 ms]   - bin/wdogtest                      33864 B  data@0xffff800007b7f200
[310 ms]   - bin/safesh                        34256 B  data@0xffff800007b87a00
[320 ms]   - bin/fscheck                       33864 B  data@0xffff800007b90200
[320 ms]   - bin/services                      33936 B  data@0xffff800007b98a00
[320 ms]   - bin/svc_crasher                   29648 B  data@0xffff800007ba1200
[320 ms]   - bin/stabilitytest                 33992 B  data@0xffff800007ba8800
[330 ms]   - bin/hwinfo                        34320 B  data@0xffff800007bb1000
[330 ms]   - bin/drvmatch                      43168 B  data@0xffff800007bb9a00
[330 ms]   - bin/hwcompat                      34360 B  data@0xffff800007bc4600
[330 ms]   - bin/hwreport                      38520 B  data@0xffff800007bcd000
[330 ms]   - bin/compattest                    51912 B  data@0xffff800007bd6a00
[340 ms]   - bin/tobycc                        33888 B  data@0xffff800007be3800
[340 ms]   - bin/tobybuild                     34008 B  data@0xffff800007bec000
[340 ms]   - bin/selfhosttest                  34008 B  data@0xffff800007bf4800
[350 ms]   - bin/p_echo                        34112 B  data@0xffff800007bfd000
[350 ms]   - bin/p_cat                         34112 B  data@0xffff800007c05800
[350 ms]   - bin/p_wc                          34472 B  data@0xffff800007c0e000
[350 ms]   - bin/p_head                        34456 B  data@0xffff800007c16a00
[360 ms]   - bin/p_ls                          34704 B  data@0xffff800007c1f400
[360 ms]   - bin/p_grep                        34600 B  data@0xffff800007c27e00
[360 ms]   - lib/ld-toby.so                    5672 B  data@0xffff800007c30800
[370 ms]   - lib/libtoby.so                    47752 B  data@0xffff800007c32200
[370 ms]   - repo/helloapp.tpkg                14262 B  data@0xffff800007c3e000
[370 ms]   - repo/helloapp_v2.tpkg             14319 B  data@0xffff800007c41a00
[380 ms]   - repo/helloapp_corrupt.tpkg        14261 B  data@0xffff800007c45400
[380 ms]   - repo/helloapp_badhash.tpkg        14262 B  data@0xffff800007c48e00
[380 ms]   - repo/helloapp_nohash.tpkg         14005 B  data@0xffff800007c4c800
[380 ms]   - repo/helloapp_badfhash.tpkg       14263 B  data@0xffff800007c50200
[390 ms]   - repo/helloapp_v2_corrupt.tpkg     14318 B  data@0xffff800007c53c00
[390 ms]   - repo/helloapp_signed.tpkg         14339 B  data@0xffff800007c57600
[390 ms]   - repo/helloapp_signed_unknown.tpkg  14336 B  data@0xffff800007c5b200
[400 ms]   - repo/helloapp_signed_tampered.tpkg  14084 B  data@0xffff800007c5ec00
[400 ms]   - repo/helloapp_caps_ro.tpkg        14271 B  data@0xffff800007c62600
[400 ms]   - system/keys/trust.db              196 B  data@0xffff800007c66000
[400 ms]   - repo/hello_cli.tpkg               29863 B  data@0xffff800007c66400
[410 ms]   - repo/hello_gui.tpkg               34662 B  data@0xffff800007c6dc00
[410 ms]   - repo/notes_app.tpkg               39611 B  data@0xffff800007c76600
[410 ms]   - etc/motd                          297 B  data@0xffff800007c80400
[420 ms]   - etc/drvmatch.conf                 1306 B  data@0xffff800007c80800
[420 ms]   - etc/drvmatch.conf.test            456 B  data@0xffff800007c81000
[420 ms]   - m36/m36_part2.c                   222 B  data@0xffff800007c81400
[430 ms]   - m36/m36_sample.c                  100 B  data@0xffff800007c81800
[430 ms]   - m36/Tobyfile                      152 B  data@0xffff800007c81c00
[430 ms]   - readme.txt                        922 B  data@0xffff800007c82000
[440 ms] [safe] no safemode flag -- normal boot
[440 ms] [440] INFO  safe    : boot mode = normal (level=0)
[440 ms] [safe] policy: mode=normal level=0 boot_mode=0
[440 ms] [safe] policy: usb_full=keep usb_extra=keep net=keep audio=keep gui=keep services=keep virtio_gpu=keep
[450 ms] [450] INFO  hw      : hwinfo: cpu='QEMU Virtual CPU version 2.5+' family=15 model=107 step=1 feat=0xf6000271
[450 ms] [drvmatch] init: total=7 bound=3 unbound=4 forced_off=0
[450 ms] [450] INFO  hw      : drvmatch init: total=7 bound=3 unbound=4 forced=0
[450 ms] [drvconf] loaded /etc/drvmatch.conf: blacklist=0 force=0 errors=0
[460 ms] [460] INFO  hw      : drvconf load: blacklist=0 force=0 errors=0
[460 ms] [drvconf] === active overrides ===
[460 ms] [drvconf] (none)
[500 ms] [tobyfs] mount of '/data' clean: inodes=20/256 blocks=42/1013
[500 ms] [500] INFO  fs      : mount /data clean (i=20/256 b=42/1013)
[500 ms] [tobyfs] mounted '/data' on ide0:master: 20/255 inodes, 42/1013 data blocks (3884 KiB free)
[500 ms] [boot] mounted /data on whole disk 'ide0:master' (legacy LBA-0 layout)
[510 ms] [boot] no FAT32 partition discovered -- /fat unmounted
[510 ms] [boot] no FAT32-on-USB discovered -- /usb unmounted
[510 ms] [boot] no ext4 partition discovered -- /ext unmounted
[510 ms] [installer] live install image registered: 4194304 bytes @ 0xffff8000076c0000
[510 ms] [vfs] mount table (2 entries):
[520 ms]   /            -> ops=0xffffffff800a4bf0 mnt=0xffffffff80118000
[520 ms]   /data        -> ops=0xffffffff800a51a0 mnt=0xffffd00000013e00
[520 ms] [proc] table initialised (16 slots), pid 0 = 'kernel_main' RUNNING
[530 ms] [sched] per-CPU round-robin scheduler ready (BSP cur=pid 0)
[530 ms] [signal] subsystem up (SIGINT=2, SIGTERM=15)
[530 ms] [boot] spawning first userspace process from /bin/hello...
[530 ms] [elf] phdr[0] LOAD vaddr=0x0000000000400000 memsz=0x34 filesz=0x34 flags=R-X U -> pages [0x0000000000400000..0x0000000000401000)
[540 ms] [elf] phdr[1] LOAD vaddr=0x0000000000401000 memsz=0x45 filesz=0x45 flags=R-- U -> pages [0x0000000000401000..0x0000000000402000)
[540 ms] [elf] load OK (user): type=ET_EXEC, 2 segment(s), base=0x0000000000000000, entry=0x0000000000400000, phdr=0x0000000000000000 (2 entries)
[540 ms] [proc] created pid=1 ppid=0 'hello-boot' entry=0x0000000000400000 rsp=0x00007fffffffff50 cr3=0x13f000 kstack=0xffffd0000001e020 argc=0 envc=0 cwd='/'
hello from user mode
user_hello: about to SYS_EXIT(0x55)
[550 ms] [sys_exit] user requested exit, code=85 (0x55)
[550 ms] [proc] pid=1 'hello-boot' exit code=85 (0x55) cpu=0 ms syscalls=3
[560 ms] [proc] reaped pid=1, slot recycled
[560 ms] [boot] /bin/hello (pid=1) finished, exit code=85 (0x55)
[560 ms] [elf] phdr[0] LOAD vaddr=0x0000000000400000 memsz=0xd22 filesz=0xd22 flags=R-X U -> pages [0x0000000000400000..0x0000000000401000)
[570 ms] [elf] phdr[1] LOAD vaddr=0x0000000000401000 memsz=0x374 filesz=0x374 flags=R-- U -> pages [0x0000000000401000..0x0000000000402000)
[570 ms] [elf] phdr[2] LOAD vaddr=0x0000000000402000 memsz=0x18 filesz=0x18 flags=RW- U -> pages [0x0000000000402000..0x0000000000403000)
[570 ms] [elf] load OK (user): type=ET_EXEC, 3 segment(s), base=0x0000000000000000, entry=0x0000000000400000, phdr=0x0000000000000000 (3 entries)
[570 ms] [proc] created pid=1 ppid=0 'abi-test-boot' entry=0x0000000000400000 rsp=0x00007fffffffff50 cr3=0x13f000 kstack=0xffffd0000001e020 argc=0 envc=0 cwd='/'
[abi-test] starting Milestone 25A ABI surface check
[abi-test] argc = 0
[abi-test] abi_version = 1
[abi-test] pid = 1
[abi-test] ppid = 0
[abi-test] clock_ms_delta = 2
[abi-test] cwd_len = 1
[abi-test] cwd = /
[abi-test] brk_initial = 268435456
[abi-test] brk_after_grow = 268451840
[abi-test] heap pages writable + zero-initialised OK
[abi-test] open_fd = 3
[abi-test] write_bytes = 10
[abi-test] lseek_set = 0
[abi-test] read_bytes = 10
[abi-test] fstat_rc = 0
[abi-test] fstat_size = 10
[abi-test] fstat_mode = 33188
[abi-test] stat_rc = 0
[abi-test] stat_size = 10
[abi-test] dup_fd = 4
[abi-test] dup2_fd = 9
[abi-test] unlink_rc = 0
[abi-test] chdir_rc = 0
[abi-test] new cwd = /data/abi_test_dir
[abi-test] getenv_PATH_rc = 0
[abi-test] ALL OK
[820 ms] [sys_exit] user requested exit, code=0 (0x0)
[820 ms] [proc] pid=1 'abi-test-boot' exit code=0 (0x0) cpu=0 ms syscalls=152
[820 ms] [proc] reaped pid=1, slot recycled
[820 ms] [boot] M25A: /bin/abi_test (pid=1) finished, exit code=0 (PASS)
[830 ms] [elf] phdr[0] LOAD vaddr=0x0000000000400000 memsz=0x3ed6 filesz=0x3ed6 flags=R-X U -> pages [0x0000000000400000..0x0000000000404000)
[830 ms] [elf] phdr[1] LOAD vaddr=0x0000000000404000 memsz=0x7d0 filesz=0x7d0 flags=R-- U -> pages [0x0000000000404000..0x0000000000405000)
[830 ms] [elf] phdr[2] LOAD vaddr=0x0000000000405000 memsz=0x1cc filesz=0x80 flags=RW- U -> pages [0x0000000000405000..0x0000000000406000)
[840 ms] [elf] load OK (user): type=ET_EXEC, 3 segment(s), base=0x0000000000000000, entry=0x0000000000400000, phdr=0x0000000000000000 (3 entries)
[840 ms] [proc] created pid=1 ppid=0 'c_hello-boot' entry=0x0000000000400000 rsp=0x00007fffffffff50 cr3=0x13f000 kstack=0xffffd0000001e020 argc=0 envc=0 cwd='/'
[c_hello] hello from libtoby (argc=0)
[c_hello] ALL OK
[_exit] code=0 caller=0x0000000000400124
[850 ms] [sys_exit] user requested exit, code=0 (0x0)
[860 ms] [proc] pid=1 'c_hello-boot' exit code=0 (0x0) cpu=0 ms syscalls=6
[860 ms] [proc] reaped pid=1, slot recycled
[860 ms] [boot] M25B: /bin/c_hello (pid=1) exit=0 (PASS)
[870 ms] [elf] phdr[0] LOAD vaddr=0x0000000000400000 memsz=0x3fe6 filesz=0x3fe6 flags=R-X U -> pages [0x0000000000400000..0x0000000000404000)
[870 ms] [elf] phdr[1] LOAD vaddr=0x0000000000404000 memsz=0x860 filesz=0x860 flags=R-- U -> pages [0x0000000000404000..0x0000000000405000)
[870 ms] [elf] phdr[2] LOAD vaddr=0x0000000000405000 memsz=0x1cc filesz=0x80 flags=RW- U -> pages [0x0000000000405000..0x0000000000406000)
[880 ms] [elf] load OK (user): type=ET_EXEC, 3 segment(s), base=0x0000000000000000, entry=0x0000000000400000, phdr=0x0000000000000000 (3 entries)
[880 ms] [proc] created pid=1 ppid=0 'c_args-boot' entry=0x0000000000400000 rsp=0x00007fffffffff50 cr3=0x13f000 kstack=0xffffd0000001e020 argc=0 envc=0 cwd='/'
[c_args] argc=0
[c_args] envc=0
[c_args] getenv("HOME") = (unset)
[c_args] __toby_argc=0 __toby_argv=0x7fffffffff58 __toby_envp=0x7fffffffff60
[c_args] ALL OK
[_exit] code=0 caller=0x0000000000400234
[900 ms] [sys_exit] user requested exit, code=0 (0x0)
[900 ms] [proc] pid=1 'c_args-boot' exit code=0 (0x0) cpu=0 ms syscalls=21
[910 ms] [proc] reaped pid=1, slot recycled
[910 ms] [boot] M25B: /bin/c_args (pid=1) exit=0 (PASS)
[910 ms] [elf] phdr[0] LOAD vaddr=0x0000000000400000 memsz=0x41a6 filesz=0x41a6 flags=R-X U -> pages [0x0000000000400000..0x0000000000405000)
[920 ms] [elf] phdr[1] LOAD vaddr=0x0000000000405000 memsz=0xa30 filesz=0xa30 flags=R-- U -> pages [0x0000000000405000..0x0000000000406000)
[920 ms] [elf] phdr[2] LOAD vaddr=0x0000000000406000 memsz=0x1d8 filesz=0x80 flags=RW- U -> pages [0x0000000000406000..0x0000000000407000)
[920 ms] [elf] load OK (user): type=ET_EXEC, 3 segment(s), base=0x0000000000000000, entry=0x0000000000400000, phdr=0x0000000000000000 (3 entries)
[930 ms] [proc] created pid=1 ppid=0 'c_filedemo-boot' entry=0x0000000000400000 rsp=0x00007fffffffff50 cr3=0x13f000 kstack=0xffffd0000001e020 argc=0 envc=0 cwd='/'
[c_filedemo] file size = 45 bytes (expected 45)
[c_filedemo] readback first 45 chars: hello from c_filedemo
second lin...
[c_filedemo] ALL OK
[_exit] code=0 caller=0x0000000000400b64
[1190 ms] [sys_exit] user requested exit, code=0 (0x0)
[1190 ms] [proc] pid=1 'c_filedemo-boot' exit code=0 (0x0) cpu=0 ms syscalls=31
[1190 ms] [proc] reaped pid=1, slot recycled
[1200 ms] [boot] M25B: /bin/c_filedemo (pid=1) exit=0 (PASS)
[1200 ms] [elf] phdr[0] LOAD vaddr=0x0000000000400000 memsz=0x43f6 filesz=0x43f6 flags=R-X U -> pages [0x0000000000400000..0x0000000000405000)
[1210 ms] [elf] phdr[1] LOAD vaddr=0x0000000000405000 memsz=0x910 filesz=0x910 flags=R-- U -> pages [0x0000000000405000..0x0000000000406000)
[1210 ms] [elf] phdr[2] LOAD vaddr=0x0000000000406000 memsz=0x1cc filesz=0x80 flags=RW- U -> pages [0x0000000000406000..0x0000000000407000)
[1220 ms] [elf] load OK (user): type=ET_EXEC, 3 segment(s), base=0x0000000000000000, entry=0x0000000000400000, phdr=0x0000000000000000 (3 entries)
[1220 ms] [proc] created pid=1 ppid=0 'c_alloctest-boot' entry=0x0000000000400000 rsp=0x00007fffffffff50 cr3=0x13f000 kstack=0xffffd0000001e020 argc=0 envc=0 cwd='/'
[c_alloctest] ALL OK
[_exit] code=0 caller=0x0000000000400db4
[1230 ms] [sys_exit] user requested exit, code=0 (0x0)
[1230 ms] [proc] pid=1 'c_alloctest-boot' exit code=0 (0x0) cpu=0 ms syscalls=9
[1240 ms] [proc] reaped pid=1, slot recycled
[1240 ms] [boot] M25B: /bin/c_alloctest (pid=1) exit=0 (PASS)
[1240 ms] [boot] M25B: libtoby demos 4/4 PASS
[1240 ms] [elf] phdr[0] LOAD vaddr=0x0000000000400000 memsz=0x3fe6 filesz=0x3fe6 flags=R-X U -> pages [0x0000000000400000..0x0000000000404000)
[1250 ms] [elf] phdr[1] LOAD vaddr=0x0000000000404000 memsz=0x860 filesz=0x860 flags=R-- U -> pages [0x0000000000404000..0x0000000000405000)
[1250 ms] [elf] phdr[2] LOAD vaddr=0x0000000000405000 memsz=0x1cc filesz=0x80 flags=RW- U -> pages [0x0000000000405000..0x0000000000406000)
[1260 ms] [elf] load OK (user): type=ET_EXEC, 3 segment(s), base=0x0000000000000000, entry=0x0000000000400000, phdr=0x0000000000000000 (3 entries)
[1260 ms] [proc] created pid=1 ppid=0 'c_args-spec' entry=0x0000000000400000 rsp=0x00007ffffffffee0 cr3=0x13f000 kstack=0xffffd0000001e020 argc=4 envc=3 cwd='/'
[c_args] argc=4
[c_args]   argv[0] = "c_args"
[c_args]   argv[1] = "alpha"
[c_args]   argv[2] = "beta"
[c_args]   argv[3] = "gamma"
[c_args] envc=3
[c_args]   envp[0] = "PATH=/bin"
[c_args]   envp[1] = "TEST_PHASE=25C"
[c_args]   envp[2] = "BUILD=ok"
[c_args] getenv("HOME") = (unset)
[c_args] __toby_argc=4 __toby_argv=0x7ffffffffee8 __toby_envp=0x7fffffffff10
[c_args] ALL OK
[_exit] code=0 caller=0x0000000000400234
[1290 ms] [sys_exit] user requested exit, code=0 (0x0)
[1300 ms] [proc] pid=1 'c_args-spec' exit code=0 (0x0) cpu=0 ms syscalls=56
[1300 ms] [proc] reaped pid=1, slot recycled
[1300 ms] [boot] M25C: /bin/c_args (pid=1, argc=4 envc=3) exit=0 (PASS)
[1300 ms] [elf] phdr[0] LOAD vaddr=0x0000000000400000 memsz=0x4ae6 filesz=0x4ae6 flags=R-X U -> pages [0x0000000000400000..0x0000000000405000)
[1310 ms] [elf] phdr[1] LOAD vaddr=0x0000000000405000 memsz=0xde0 filesz=0xde0 flags=R-- U -> pages [0x0000000000405000..0x0000000000406000)
[1310 ms] [elf] phdr[2] LOAD vaddr=0x0000000000406000 memsz=0x1f8 filesz=0xa0 flags=RW- U -> pages [0x0000000000406000..0x0000000000407000)
[1320 ms] [elf] load OK (user): type=ET_EXEC, 3 segment(s), base=0x0000000000000000, entry=0x0000000000400000, phdr=0x0000000000000000 (3 entries)
[1320 ms] [proc] created pid=1 ppid=0 'c_envtest-boot' entry=0x0000000000400000 rsp=0x00007fffffffff00 cr3=0x13f000 kstack=0xffffd0000001e020 argc=1 envc=3 cwd='/'
[c_envtest][build] M25C-debug-rev3 alive
[c_envtest] argc=1 argv[0]='c_envtest'
[c_envtest] environ has 3 initial entries
[c_envtest] getenv(PATH) = /bin
[c_envtest][diag] BEFORE system
[c_envtest] system("c_hello") starting...
[1340 ms] [elf] phdr[0] LOAD vaddr=0x0000000000400000 memsz=0x3ed6 filesz=0x3ed6 flags=R-X U -> pages [0x0000000000400000..0x0000000000404000)
[1350 ms] [elf] phdr[1] LOAD vaddr=0x0000000000404000 memsz=0x7d0 filesz=0x7d0 flags=R-- U -> pages [0x0000000000404000..0x0000000000405000)
[1350 ms] [elf] phdr[2] LOAD vaddr=0x0000000000405000 memsz=0x1cc filesz=0x80 flags=RW- U -> pages [0x0000000000405000..0x0000000000406000)
[1350 ms] [elf] load OK (user): type=ET_EXEC, 3 segment(s), base=0x0000000000000000, entry=0x0000000000400000, phdr=0x0000000000000000 (3 entries)
[1360 ms] [proc] created pid=2 ppid=1 'c_hello' entry=0x0000000000400000 rsp=0x00007fffffffff30 cr3=0x156000 kstack=0xffffd00000008030 argc=1 envc=1 cwd='/'
[c_hello] hello from libtoby (argc=1)
[c_hello] ALL OK
[_exit] code=0 caller=0x0000000000400124
[1370 ms] [sys_exit] user requested exit, code=0 (0x0)
[1370 ms] [proc] pid=2 'c_hello' exit code=0 (0x0) cpu=0 ms syscalls=6
[1380 ms] [proc] reaped pid=2, slot recycled
[c_envtest][diag] AFTER system, sr=0
[c_envtest] system("c_hello") raw status=0x0
[c_envtest][diag] AFTER printf raw status
[c_envtest][diag] AFTER system EXPECTs
[c_envtest] recursive execvp test starting...
[1390 ms] [elf] phdr[0] LOAD vaddr=0x0000000000400000 memsz=0x4ae6 filesz=0x4ae6 flags=R-X U -> pages [0x0000000000400000..0x0000000000405000)
[1400 ms] [elf] phdr[1] LOAD vaddr=0x0000000000405000 memsz=0xde0 filesz=0xde0 flags=R-- U -> pages [0x0000000000405000..0x0000000000406000)
[1400 ms] [elf] phdr[2] LOAD vaddr=0x0000000000406000 memsz=0x1f8 filesz=0xa0 flags=RW- U -> pages [0x0000000000406000..0x0000000000407000)
[1400 ms] [elf] load OK (user): type=ET_EXEC, 3 segment(s), base=0x0000000000000000, entry=0x0000000000400000, phdr=0x0000000000000000 (3 entries)
[1410 ms] [proc] created pid=2 ppid=1 'c_envtest' entry=0x0000000000400000 rsp=0x00007fffffffff00 cr3=0x156000 kstack=0xffffd00000008030 argc=3 envc=1 cwd='/'
[c_envtest][build] M25C-debug-rev3 alive
[c_envtest] (child) execvp -> 'c_hello'
[1410 ms] [elf] phdr[0] LOAD vaddr=0x0000000000400000 memsz=0x3ed6 filesz=0x3ed6 flags=R-X U -> pages [0x0000000000400000..0x0000000000404000)
[1420 ms] [elf] phdr[1] LOAD vaddr=0x0000000000404000 memsz=0x7d0 filesz=0x7d0 flags=R-- U -> pages [0x0000000000404000..0x0000000000405000)
[1420 ms] [elf] phdr[2] LOAD vaddr=0x0000000000405000 memsz=0x1cc filesz=0x80 flags=RW- U -> pages [0x0000000000405000..0x0000000000406000)
[1420 ms] [elf] load OK (user): type=ET_EXEC, 3 segment(s), base=0x0000000000000000, entry=0x0000000000400000, phdr=0x0000000000000000 (3 entries)
[1420 ms] [proc] created pid=3 ppid=2 'c_hello' entry=0x0000000000400000 rsp=0x00007fffffffff30 cr3=0x168000 kstack=0xffffd00000010040 argc=1 envc=1 cwd='/'
[c_hello] hello from libtoby (argc=1)
[c_hello] ALL OK
[_exit] code=0 caller=0x0000000000400124
[1440 ms] [sys_exit] user requested exit, code=0 (0x0)
[1440 ms] [proc] pid=3 'c_hello' exit code=0 (0x0) cpu=0 ms syscalls=6
[1440 ms] [proc] reaped pid=3, slot recycled
[_exit] code=0 caller=0x0000000000402e0b
[1450 ms] [sys_exit] user requested exit, code=0 (0x0)
[1450 ms] [proc] pid=2 'c_envtest' exit code=0 (0x0) cpu=19 ms syscalls=9
[1450 ms] [proc] reaped pid=2, slot recycled
[c_envtest] recursive child pid=2 status=0x0
[c_envtest] ALL OK
[_exit] code=0 caller=0x0000000000400f44
[1460 ms] [sys_exit] user requested exit, code=0 (0x0)
[1470 ms] [proc] pid=1 'c_envtest-boot' exit code=0 (0x0) cpu=68 ms syscalls=38
[1470 ms] [proc] reaped pid=1, slot recycled
[1470 ms] [boot] M25C: /bin/c_envtest (pid=1) exit=0 (PASS)
[1480 ms] [elf] phdr[2] LOAD vaddr=0x0000000000500000 memsz=0x3a8 filesz=0x3a8 flags=R-- U -> pages [0x0000000000500000..0x0000000000501000)
[1480 ms] [elf] phdr[3] LOAD vaddr=0x00000000005013b0 memsz=0xd0 filesz=0xd0 flags=R-X U -> pages [0x0000000000501000..0x0000000000502000)
[1480 ms] [elf] phdr[4] LOAD vaddr=0x0000000000502480 memsz=0xb80 filesz=0x120 flags=RW- U -> pages [0x0000000000502000..0x0000000000503000)
[1490 ms] [elf] phdr[5] LOAD vaddr=0x00000000005035a0 memsz=0x18 filesz=0x18 flags=RW- U -> pages [0x0000000000503000..0x0000000000504000)
[1490 ms] [elf] load OK (user): type=ET_DYN, 4 segment(s), base=0x0000000000500000, entry=0x00000000005013b0, phdr=0x0000000000500040 (9 entries), PT_INTERP
[1490 ms] [elf] phdr[1] LOAD vaddr=0x0000000040000000 memsz=0x499 filesz=0x499 flags=R-- U -> pages [0x0000000040000000..0x0000000040001000)
[1500 ms] [elf] phdr[2] LOAD vaddr=0x00000000400014a0 memsz=0x9ba filesz=0x9ba flags=R-X U -> pages [0x0000000040001000..0x0000000040002000)
[1500 ms] [elf] phdr[3] LOAD vaddr=0x0000000040002e60 memsz=0x1a0 filesz=0xa0 flags=RW- U -> pages [0x0000000040002000..0x0000000040003000)
[1500 ms] [elf] phdr[4] LOAD vaddr=0x0000000040003f00 memsz=0x390 filesz=0x0 flags=RW- U -> pages [0x0000000040003000..0x0000000040005000)
[1500 ms] [elf] load OK (user): type=ET_DYN, 4 segment(s), base=0x0000000040000000, entry=0x00000000400014a0, phdr=0x0000000040000040 (8 entries)
[1510 ms] [proc] loaded interpreter '/lib/ld-toby.so' base=0x0000000040000000 entry=0x00000000400014a0
[1510 ms] [proc] created pid=1 ppid=0 'c_dynhello-boot' entry=0x00000000400014a0 rsp=0x00007fffffffff30 cr3=0x13f000 kstack=0xffffd0000001e020 argc=1 envc=1 cwd='/'
[1520 ms] [elf] phdr[1] LOAD vaddr=0x0000000060000000 memsz=0x3188 filesz=0x3188 flags=R-- U -> pages [0x0000000060000000..0x0000000060004000)
[1520 ms] [elf] phdr[2] LOAD vaddr=0x0000000060004190 memsz=0x6321 filesz=0x6321 flags=R-X U -> pages [0x0000000060004000..0x000000006000b000)
[1530 ms] [elf] phdr[3] LOAD vaddr=0x000000006000b4c0 memsz=0xb40 filesz=0x278 flags=RW- U -> pages [0x000000006000b000..0x000000006000c000)
[1530 ms] [elf] phdr[4] LOAD vaddr=0x000000006000c738 memsz=0x1f0 filesz=0x7c flags=RW- U -> pages [0x000000006000c000..0x000000006000d000)
[1530 ms] [elf] load OK (user): type=ET_DYN, 4 segment(s), base=0x0000000060000000, entry=0x0000000060000000, phdr=0x0000000060000040 (8 entries)
[c_dynhello] hello from DYNAMIC libtoby (argc=1)
[c_dynhello] ALL OK
[_exit] code=0 caller=0x0000000060004ab4
[1550 ms] [sys_exit] user requested exit, code=0 (0x0)
[1550 ms] [proc] pid=1 'c_dynhello-boot' exit code=0 (0x0) cpu=0 ms syscalls=7
[1550 ms] [proc] reaped pid=1, slot recycled
[1550 ms] [boot] M25D: /bin/c_dynhello (pid=1) exit=0 (PASS)
[1550 ms] [elf] phdr[0] LOAD vaddr=0x0000000000400000 memsz=0x4246 filesz=0x4246 flags=R-X U -> pages [0x0000000000400000..0x0000000000405000)
[1560 ms] [elf] phdr[1] LOAD vaddr=0x0000000000405000 memsz=0x7e0 filesz=0x7e0 flags=R-- U -> pages [0x0000000000405000..0x0000000000406000)
[1560 ms] [elf] phdr[2] LOAD vaddr=0x0000000000406000 memsz=0x1e8 filesz=0x88 flags=RW- U -> pages [0x0000000000406000..0x0000000000407000)
[1570 ms] [elf] load OK (user): type=ET_EXEC, 3 segment(s), base=0x0000000000000000, entry=0x0000000000400000, phdr=0x0000000000000000 (3 entries)
[1570 ms] [proc] created pid=1 ppid=0 'p_echo-boot' entry=0x0000000000400000 rsp=0x00007fffffffff10 cr3=0x13f000 kstack=0xffffd0000001e020 argc=3 envc=1 cwd='/'
hello from-port-echo
[_exit] code=0 caller=0x0000000000400c04
[1580 ms] [sys_exit] user requested exit, code=0 (0x0)
[1580 ms] [proc] pid=1 'p_echo-boot' exit code=0 (0x0) cpu=0 ms syscalls=6
[1590 ms] [proc] reaped pid=1, slot recycled
[1590 ms] [boot] M25E: /bin/p_echo (pid=1) exit=0 (PASS)
[1590 ms] [elf] phdr[0] LOAD vaddr=0x0000000000400000 memsz=0x4276 filesz=0x4276 flags=R-X U -> pages [0x0000000000400000..0x0000000000405000)
[1600 ms] [elf] phdr[1] LOAD vaddr=0x0000000000405000 memsz=0x7d0 filesz=0x7d0 flags=R-- U -> pages [0x0000000000405000..0x0000000000406000)
[1600 ms] [elf] phdr[2] LOAD vaddr=0x0000000000406000 memsz=0x1e8 filesz=0x88 flags=RW- U -> pages [0x0000000000406000..0x0000000000407000)
[1600 ms] [elf] load OK (user): type=ET_EXEC, 3 segment(s), base=0x0000000000000000, entry=0x0000000000400000, phdr=0x0000000000000000 (3 entries)
[1600 ms] [proc] created pid=1 ppid=0 'p_cat-boot' entry=0x0000000000400000 rsp=0x00007fffffffff20 cr3=0x13f000 kstack=0xffffd0000001e020 argc=2 envc=1 cwd='/'
==============================================
  Welcome to tobyOS -- milestone 4
==============================================

The kernel mounted this file from /etc/motd
on a read-only ramfs backed by a USTAR initrd.

Try:
    ls
    ls /bin
    cat /readme.txt
    run /bin/hello
[_exit] code=0 caller=0x0000000000400c34
[1640 ms] [sys_exit] user requested exit, code=0 (0x0)
[1640 ms] [proc] pid=1 'p_cat-boot' exit code=0 (0x0) cpu=0 ms syscalls=7
[1650 ms] [proc] reaped pid=1, slot recycled
[1650 ms] [boot] M25E: /bin/p_cat (pid=1) exit=0 (PASS)
[1650 ms] [elf] phdr[0] LOAD vaddr=0x0000000000400000 memsz=0x4aca filesz=0x4aca flags=R-X U -> pages [0x0000000000400000..0x0000000000405000)
[1660 ms] [elf] phdr[1] LOAD vaddr=0x0000000000405000 memsz=0x840 filesz=0x840 flags=R-- U -> pages [0x0000000000405000..0x0000000000406000)
[1660 ms] [elf] phdr[2] LOAD vaddr=0x0000000000406000 memsz=0x208 filesz=0x94 flags=RW- U -> pages [0x0000000000406000..0x0000000000407000)
[1670 ms] [elf] load OK (user): type=ET_EXEC, 3 segment(s), base=0x0000000000000000, entry=0x0000000000400000, phdr=0x0000000000000000 (3 entries)
[1670 ms] [proc] created pid=1 ppid=0 'p_wc-boot' entry=0x0000000000400000 rsp=0x00007fffffffff20 cr3=0x13f000 kstack=0xffffd0000001e020 argc=2 envc=1 cwd='/'
      12      32     297 /etc/motd
[_exit] code=0 caller=0x00000000004011f4
[1680 ms] [sys_exit] user requested exit, code=0 (0x0)
[1680 ms] [proc] pid=1 'p_wc-boot' exit code=0 (0x0) cpu=0 ms syscalls=29
[1690 ms] [proc] reaped pid=1, slot recycled
[1690 ms] [boot] M25E: /bin/p_wc (pid=1) exit=0 (PASS)
[1700 ms] [elf] phdr[0] LOAD vaddr=0x0000000000400000 memsz=0x46ba filesz=0x46ba flags=R-X U -> pages [0x0000000000400000..0x0000000000405000)
[1710 ms] [elf] phdr[1] LOAD vaddr=0x0000000000405000 memsz=0x840 filesz=0x840 flags=R-- U -> pages [0x0000000000405000..0x0000000000406000)
[1710 ms] [elf] phdr[2] LOAD vaddr=0x0000000000406000 memsz=0x208 filesz=0x9c flags=RW- U -> pages [0x0000000000406000..0x0000000000407000)
[1710 ms] [elf] load OK (user): type=ET_EXEC, 3 segment(s), base=0x0000000000000000, entry=0x0000000000400000, phdr=0x0000000000000000 (3 entries)
[1720 ms] [proc] created pid=1 ppid=0 'p_head-boot' entry=0x0000000000400000 rsp=0x00007fffffffff10 cr3=0x13f000 kstack=0xffffd0000001e020 argc=4 envc=1 cwd='/'
==============================================
  Welcome to tobyOS -- milestone 4
[_exit] code=0 caller=0x0000000000400de4
[1740 ms] [sys_exit] user requested exit, code=0 (0x0)
[1740 ms] [proc] pid=1 'p_head-boot' exit code=0 (0x0) cpu=0 ms syscalls=7
[1740 ms] [proc] reaped pid=1, slot recycled
[1750 ms] [boot] M25E: /bin/p_head (pid=1) exit=0 (PASS)
[1750 ms] [elf] phdr[0] LOAD vaddr=0x0000000000400000 memsz=0x4d5a filesz=0x4d5a flags=R-X U -> pages [0x0000000000400000..0x0000000000405000)
[1760 ms] [elf] phdr[1] LOAD vaddr=0x0000000000405000 memsz=0x850 filesz=0x850 flags=R-- U -> pages [0x0000000000405000..0x0000000000406000)
[1760 ms] [elf] phdr[2] LOAD vaddr=0x0000000000406000 memsz=0x208 filesz=0x94 flags=RW- U -> pages [0x0000000000406000..0x0000000000407000)
[1770 ms] [elf] load OK (user): type=ET_EXEC, 3 segment(s), base=0x0000000000000000, entry=0x0000000000400000, phdr=0x0000000000000000 (3 entries)
[1770 ms] [proc] created pid=1 ppid=0 'p_ls-boot' entry=0x0000000000400000 rsp=0x00007fffffffff20 cr3=0x13f000 kstack=0xffffd0000001e020 argc=2 envc=1 cwd='/'
abi_test
audiotest
bad
batterytest
c_alloctest
c_args
c_dynhello
c_envtest
c_filedemo
c_hello
cat
compattest
crashinfo
devlist
displayinfo
drawtest
drvmatch
drvtest
echo
fonttest
fscheck
gui_about
gui_clock
gui_demo
gui_files
gui_settings
gui_term
gui_viewer
gui_widgets
hello
hwcompat
hwinfo
hwreport
login
logview
long_task
netecho
p_cat
p_echo
p_grep
p_head
p_ls
p_wc
rendertest
safesh
selfhosttest
services
stabilitytest
svc_crasher
tobybuild
tobycc
usbtest
wdogtest
[_exit] code=0 caller=0x0000000000401194
[1910 ms] [sys_exit] user requested exit, code=0 (0x0)
[1910 ms] [proc] pid=1 'p_ls-boot' exit code=0 (0x0) cpu=0 ms syscalls=169
[1910 ms] [proc] reaped pid=1, slot recycled
[1910 ms] [boot] M25E: /bin/p_ls (pid=1) exit=0 (PASS)
[1910 ms] [elf] phdr[0] LOAD vaddr=0x0000000000400000 memsz=0x480a filesz=0x480a flags=R-X U -> pages [0x0000000000400000..0x0000000000405000)
[1920 ms] [elf] phdr[1] LOAD vaddr=0x0000000000405000 memsz=0x8e0 filesz=0x8e0 flags=R-- U -> pages [0x0000000000405000..0x0000000000406000)
[1920 ms] [elf] phdr[2] LOAD vaddr=0x0000000000406000 memsz=0x228 filesz=0x94 flags=RW- U -> pages [0x0000000000406000..0x0000000000407000)
[1930 ms] [elf] load OK (user): type=ET_EXEC, 3 segment(s), base=0x0000000000000000, entry=0x0000000000400000, phdr=0x0000000000000000 (3 entries)
[1930 ms] [proc] created pid=1 ppid=0 'p_grep-boot' entry=0x0000000000400000 rsp=0x00007fffffffff10 cr3=0x13f000 kstack=0xffffd0000001e020 argc=3 envc=1 cwd='/'
  Welcome to tobyOS -- milestone 4
[_exit] code=0 caller=0x0000000000400f34
[1940 ms] [sys_exit] user requested exit, code=0 (0x0)
[1940 ms] [proc] pid=1 'p_grep-boot' exit code=0 (0x0) cpu=0 ms syscalls=305
[1950 ms] [proc] reaped pid=1, slot recycled
[1950 ms] [boot] M25E: /bin/p_grep (pid=1) exit=0 (PASS)
[1950 ms] [boot] M25E: ports 6/6 PASS
[1960 ms] [boot] BSP LAPIC timer @ 100 Hz live (vec=0x40)
[1960 ms] [smp] 4 CPU(s) total: BSP apic_id=0
[1960 ms] [smp]   cpu0: apic_id=0 (BSP)
[1960 ms] [smp]   cpu1: apic_id=1
[1970 ms] [smp]   cpu2: apic_id=2
[1970 ms] [smp]   cpu3: apic_id=3
[1970 ms] CPU 0 online
[1970 ms]   apic_id=0 (BSP)  stack=bootloader-provided
[1980 ms] [smp] trampoline installed: phys=0x0000000000070000 virt=0xffff800000070000 len=1024 bytes
[1980 ms] [smp] cpu1: INIT-SIPI-SIPI to apic_id=1 (tramp_vector=0x70, stack=0xffffd00000019ea0)
[1990 ms] CPU 1 online
[1990 ms]   apic_id=1 (acpi said 1)  stack_top=0xffffd00000019ea0
[1990 ms]   cpu1: LAPIC timer @ 100 Hz live (vec=0x40)
[2000 ms] [smp] cpu2: INIT-SIPI-SIPI to apic_id=2 (tramp_vector=0x70, stack=0xffffd0000001deb0)
[2010 ms] CPU 2 online
[2010 ms]   apic_id=2 (acpi said 2)  stack_top=0xffffd0000001deb0
[2010 ms]   cpu2: LAPIC timer @ 100 Hz live (vec=0x40)
[2020 ms] [smp] cpu3: INIT-SIPI-SIPI to apic_id=3 (tramp_vector=0x70, stack=0xffffd00000022710)
[2030 ms] CPU 3 online
[2030 ms]   apic_id=3 (acpi said 3)  stack_top=0xffffd00000022710
[2030 ms]   cpu3: LAPIC timer @ 100 Hz live (vec=0x40)
[2040 ms] [smp] 3/3 APs online (total 4 CPUs)
[2050 ms] [gfx] back buffer 1280x800 (4000 KiB) ready, fb_pitch=1280 px, backend=limine-fb
[2050 ms] [mouse] PS/2 driver up (IRQ12 routed via IO APIC, sample=200Hz)
[2050 ms] [gui] window manager ready (max 8 windows, 18-px title bar)
[2060 ms] [term] session pool ready (4 sessions, 4096-byte rings)
[2060 ms] Welcome to tobyOS
[2060 ms] milestone 14: services + settings + login. Boot drops into the GUI desktop with /bin/login.
[2060 ms] 
[2090 ms] [settings] loading /data/settings.conf (209 bytes)
[2090 ms] [settings] cache:
[2100 ms]   desktop.bg=0x00204060
[2100 ms]   desktop.title=tobyOS
[2100 ms]   desktop.greeting=Welcome to tobyOS
[2100 ms]   user.last=toby
[2110 ms]   user.greeting=Hello, friend!
[2110 ms]   session.autostart=
[2140 ms] [users] loading /data/users (86 bytes)
[2140 ms] [users] cache (3 entries):
[2140 ms]   root             uid=0 gid=0
[2140 ms]   toby             uid=1000 gid=1000
[2150 ms]   guest            uid=1001 gid=1001
[2150 ms] [theme] active='cyber' (settings ui.theme='cyber')
[2150 ms] [svc] registered builtin 'notify'
[2150 ms] [2150] INFO  svc      pid=0: registered builtin 'notify'
[2160 ms] [notify] daemon ready (ring depth 32)
[2160 ms] [svc] service manager up (max 8 services)
[2160 ms] [2160] INFO  svc      pid=0: manager up max=8 backoff_base=100ms cap=6400ms disable_at=5
[2160 ms] [svc] registered builtin 'input'
[2170 ms] [2170] INFO  svc      pid=0: registered builtin 'input'
[2170 ms] [svc] registered builtin 'network'
[2170 ms] [2170] INFO  svc      pid=0: registered builtin 'network'
[2180 ms] [svc] registered builtin 'desktop'
[2180 ms] [2180] INFO  svc      pid=0: registered builtin 'desktop'
[2180 ms] [svc] registered builtin 'session'
[2180 ms] [2180] INFO  svc      pid=0: registered builtin 'session'
[2190 ms] [trace] level 0 -> 1
[2190 ms] [gui] auto-enabled trace (level=1) for desktop session
[2190 ms] [trace t=219 pid=0] [2190 ms] gui_set_desktop_mode: off -> on[2190 ms] 
[2190 ms] [gui] entering graphical mode
[2190 ms] [session] init: last user='toby' (will be pre-filled at login)
[2190 ms] [svc] registered program 'login' -> /bin/login (autorestart=1)
[2190 ms] [2190] INFO  svc      pid=0: registered program 'login' path='/bin/login' autorestart=1
[2200 ms] [trace t=220 pid=0] [2200 ms] launch_enqueue '/bin/login' sandbox='' caps='' (head=1 tail=0)[2200 ms] 
[2200 ms] [svc] 'login' enqueued (restart #1, crashes=0)
[2200 ms] [2200] INFO  svc      pid=0: 'login' enqueued restart=1 crashes=0
[2200 ms] [svc] 5 services registered
[2200 ms]   name         kind    state    auto pid rcnt  ccnt  ccon  path
[2200 ms]   input        builtin running  0    0   0     0     0     (builtin)
[2200 ms]   network      builtin running  0    0   0     0     0     (builtin)
[2200 ms]   desktop      builtin running  0    0   0     0     0     (builtin)
[2200 ms]   session      builtin running  0    0   0     0     0     (builtin)
[2200 ms]   login        program running  1    0   1     0     0     /bin/login
[2200 ms] [notify #1 urg=0 kind=1] kernel: Desktop ready -- Welcome to tobyOS. Click [Apps] to launch a program, or click the bell to open the notification
[2200 ms] [notify #2 urg=0 kind=1] session: Login service started -- /bin/login is running. Type 'root' to log in.
[2200 ms] [boot] first gui_tick before net_init
[2200 ms] [trace t=220 pid=0] [2200 ms] drain_launch_queue: spawning '/bin/login' sandbox='default' caps=''[2200 ms] 
[2200 ms] [elf] phdr[0] LOAD vaddr=0x0000000000400000 memsz=0xe11 filesz=0xe11 flags=R-X U -> pages [0x0000000000400000..0x0000000000401000)
[2200 ms] [elf] phdr[1] LOAD vaddr=0x0000000000401000 memsz=0x194 filesz=0x194 flags=R-- U -> pages [0x0000000000401000..0x0000000000402000)
[2200 ms] [elf] phdr[2] LOAD vaddr=0x0000000000402000 memsz=0x30 filesz=0x18 flags=RW- U -> pages [0x0000000000402000..0x0000000000403000)
[2200 ms] [elf] load OK (user): type=ET_EXEC, 3 segment(s), base=0x0000000000000000, entry=0x0000000000400000, phdr=0x0000000000000000 (3 entries)
[2200 ms] [proc] created pid=1 ppid=0 'login' entry=0x0000000000400000 rsp=0x00007fffffffff50 cr3=0x52d000 kstack=0xffffd00000008030 argc=0 envc=0 cwd='/'
[2200 ms] [cap] pid=1 'login' sandbox='default' caps=FILE_READ,FILE_WRITE,EXEC,NET,GUI,TERM,SETTINGS_WRITE root=(none)
[2200 ms] [trace t=220 pid=0] [2200 ms] track_pid pid=1 slot=0[2200 ms] 
[2200 ms] [gui] launched /bin/login as pid 1 (session=0)
[2200 ms] [trace t=220 pid=0] [2200 ms] drain_launch_queue: spawned '/bin/login' as pid=1 session=0[2200 ms] 
[2200 ms] [svc] 'login' pid=1 (backfilled)
[2210 ms] [trace t=221 pid=0] [2210 ms] heartbeat windows=0 apps_alive=1 cursor=(640,400) btn=0x00 dirty=1 menu=0 desktop=1[2210 ms] 
[2210 ms] [trace t=221 pid=0] [2210 ms] toast new id=2 urg=0 app='session' title='Login service started'[2210 ms] 
[2210 ms] [trace t=221 pid=1] [2210 ms] window_create wid=1 owner_pid=1 size=380x220 pos=(60,40) title='tobyOS login'[2210 ms] 
[2210 ms] [boot] before net_init
[2210 ms] [net] nic=e1000:00:04.0 mac=52:54:00:12:34:56 -- starting up
[2210 ms] [dhcp] DISCOVER xid=0x64a90965
[2210 ms] [e1000] RX DHCP frame len=590 udp 67 -> 68 dst=ff:ff:ff:ff:ff:ff
[2210 ms] [dhcp] OFFER  yiaddr=10.0.2.15 server=10.0.2.2
[2220 ms] [dhcp] REQUEST requested=10.0.2.15
[2220 ms] [e1000] RX DHCP frame len=590 udp 67 -> 68 dst=ff:ff:ff:ff:ff:ff
[2220 ms] [dhcp] ACK    bound: ip=10.0.2.15 mask=255.255.255.0 gw=10.0.2.2 dns=10.0.2.3 lease=86400s (server=10.0.2.2)
[2220 ms] [net] DHCP lease applied: ip=10.0.2.15 mask=255.255.255.0 gw=10.0.2.2 dns=10.0.2.3
[2220 ms] [net] up: nic=e1000:00:04.0 ip=10.0.2.15 gw=10.0.2.2 mac=52:54:00:12:34:56
[2230 ms] [net] gateway 10.0.2.2 -> 52:55:0a:00:02:02 (cached)
[2230 ms] [net] dns     10.0.2.3 -> 52:55:0a:00:02:03 (cached)
[2230 ms] [tcp] LISTEN tcp[0] lp=1234 backlog=4
[2230 ms] [tcp-echo] listening on TCP port 1234
[2230 ms] [tcp] LISTEN tcp[1] lp=7777 backlog=4
[2230 ms] [tcp-shell] listening on TCP port 7777
[2230 ms] [boot] after net_init ok=1 net_up=1
[2230 ms] [boot] net_init OK; starting TCP services
[2260 ms] [ssh-crypto] loaded Ed25519 host key from /data/ssh/ssh_host_ed25519_seed
[2260 ms] [tcp] LISTEN tcp[2] lp=22 backlog=2
[2260 ms] [ssh] listening on TCP port 22 (transport scaffold)
[2260 ms] [sec] M34 crypto self-test PASS (SHA-256, HMAC-SHA-256, hex/ct)
[2270 ms] [ssh-crypto] Monocypher self-test PASS (X25519, Ed25519, XChaCha20-Poly1305)
[2270 ms] [sec] trust store loaded: 1 key(s) from /system/keys/trust.db
[2270 ms] [sysprot] init: 5 protected prefix(es)
[2270 ms] [sysprot]   /system          system
[2270 ms] [sysprot]   /system/keys     trust-store
[2270 ms] [sysprot]   /boot            boot
[2270 ms] [sysprot]   /data/packages   package-db
[2270 ms] [sysprot]   /data/users      user-db
[2320 ms] [trace t=232 pid=0] [2320 ms] launcher_register 'Hello CLI' -> /data/apps/hello_cli/bin/hello_cli.elf sandbox='' caps='' (slot=0)[2320 ms] 
[2320 ms] [pkg] registered launcher entry: 'Hello CLI' -> /data/apps/hello_cli/bin/hello_cli.elf
[2320 ms] [pkg] package manager ready (apps=/data/apps db=/data/packages repo=/data/repo,/repo)
[2320 ms] [fw_cfg] QEMU fw_cfg interface present at 0x510/0x511
[2320 ms] [battery] no ACPI battery detected (no fw_cfg mock, no PNP0C0A in AML)
[2320 ms] [display] registered fb0 1280x800 backend=limine-fb
[2320 ms] [boot] M26A: peripheral inventory + self-tests
[2330 ms] [devtest] === 11 devices ===
[2330 ms] [INFO] pci: 00:00.0 drv=- status=0x01 8086:1237 cls=06.00.00 irq=0
[2330 ms] [INFO] pci: 00:01.0 drv=- status=0x01 8086:7000 cls=06.01.00 irq=0
[2330 ms] [INFO] pci: 00:01.1 drv=blk_ata status=0x03 8086:7010 cls=01.01.80 irq=0
[2330 ms] [INFO] pci: 00:01.3 drv=- status=0x01 8086:7113 cls=06.80.00 irq=9
[2330 ms] [INFO] pci: 00:02.0 drv=- status=0x01 1234:1111 cls=03.00.00 irq=0
[2330 ms] [INFO] pci: 00:03.0 drv=virtio-rng status=0x03 1af4:1044 cls=00.ff.00 irq=11
[2330 ms] [INFO] pci: 00:04.0 drv=e1000 status=0x03 8086:100e cls=02.00.00 irq=11
[2330 ms] [INFO] blk: ide0:master drv=disk status=0x03 sectors=32768 (16384 KiB) class=1
[2330 ms] [INFO] in: kbd0 drv=ps2_kbd status=0x03 PS/2 IRQ1 chars=0 irqs=0 caps=0
[2330 ms] [INFO] in: mouse0 drv=ps2_mouse status=0x03 PS/2 IRQ12 events=0 clicks=0 btn=0x00
[2330 ms] [INFO] fb: fb0 drv=limine-fb status=0x03 1280x800 pitch=5120 bpp=32 fmt=1 flips=0
[2330 ms] [PASS] devtest: devtest registry alive
[2330 ms] [PASS] pci: 7 PCI device(s), 3 driver-bound
[2330 ms] [PASS] blk: 1 blk dev(s): disks=1 partitions=0 wrappers=0
[2330 ms] [SKIP] xhci: no xHCI controller present (run with -device qemu-xhci)
[2330 ms] [SKIP] usb_legacy: no UHCI/OHCI/EHCI controllers present
[2330 ms] [SKIP] usb: no xHCI controller, no USB devices
[2330 ms] [SKIP] usb_hub: no USB hub enumerated (try -device usb-hub)
[2330 ms] [SKIP] audio: no HDA controller present (run with -device intel-hda)
[2330 ms] [SKIP] audio_tone: no HDA controller -- run QEMU with -device intel-hda
[2330 ms] [SKIP] battery: no ACPI battery detected (desktop or QEMU default)
[2330 ms] [notify #3 urg=0 kind=2] hotplug: Device attached: selftest-attach -- bus=255 slot=43521 hub.depth=0 hub.port=1
[2330 ms] [notify #4 urg=1 kind=2] hotplug: Device removed: selftest-detach -- bus=255 slot=43521 hub.depth=0 hub.port=1
[2330 ms] [PASS] hotplug: ring=64 capacity=64 posted=2 drained=2 dropped=0
[2330 ms] [PASS] input: ps2 kbd chars=0 irqs=0 (caps=0) | ps2 mouse events=0 clicks=0 | usb_hid devs=0 (kbd=0 mouse=0) frames=0
[2330 ms] [SKIP] usb_hid: no USB HID devices (run with -device usb-kbd / usb-mouse)
[2330 ms] [SKIP] usb_msc: no USB MSC slots (run with -device usb-storage)
[2330 ms] [PASS] display: 1 output(s); primary fb0 1280x800 pitch=5120 bpp=32 backend=limine-fb
[2340 ms] [PASS] display_draw: back buffer reachable 1280x800; clip-paths OK
[2340 ms] [PASS] display_render: backend=limine-fb flip=ok present_rect=yes describe=yes bpp=4 frames=1 flips=0 fb_pitch_px=1280 back_kib=4000
[2340 ms] [PASS] display_alpha: src-over OK: a0=keep, a255=overwrite, a128=blend (got a02020)
[2340 ms] [PASS] display_dirty: tracker OK: rect-inject -> 10,20 100x50, full -> 1280x800 (stats: 4 flips, 2 full, 1 partial, 1 empty)
[2340 ms] [PASS] display_font: scaled bounds OK: 1x=24x8 2x=48x16 3x=72x24 multi=48x32
[2340 ms] [PASS] display_multi: multi OK: 3 outputs registered, layout spans 3104x800 (auto-h-layout + override + cleanup)
[2340 ms] [boot] M26A: 21 test(s) -- pass=12 fail=0 skip=9
[2340 ms] type 'help' to list commands.
[2340 ms] tobyOS> [2340 ms] [boot] M25C: driving shell with synthetic command lines
[2340 ms] [shell-test] $ env
[2340 ms] PATH=/bin
[2340 ms] HOME=/
[2340 ms] USER=admin
[2340 ms] PWD=/
[2340 ms] SHELL=tobysh
[2340 ms] [shell-test] $ setenv M25C_FROM_SHELL yes
[2340 ms] [shell-test] $ env
[2340 ms] PATH=/bin
[2340 ms] HOME=/
[2340 ms] USER=admin
[2340 ms] PWD=/
[2340 ms] SHELL=tobysh
[2340 ms] M25C_FROM_SHELL=yes
[2350 ms] [shell-test] $ c_args from-shell PATH-resolved
[2350 ms] [elf] phdr[0] LOAD vaddr=0x0000000000400000 memsz=0x3fe6 filesz=0x3fe6 flags=R-X U -> pages [0x0000000000400000..0x0000000000404000)
[2350 ms] [elf] phdr[1] LOAD vaddr=0x0000000000404000 memsz=0x860 filesz=0x860 flags=R-- U -> pages [0x0000000000404000..0x0000000000405000)
[2350 ms] [elf] phdr[2] LOAD vaddr=0x0000000000405000 memsz=0x1cc filesz=0x80 flags=RW- U -> pages [0x0000000000405000..0x0000000000406000)
[2350 ms] [elf] load OK (user): type=ET_EXEC, 3 segment(s), base=0x0000000000000000, entry=0x0000000000400000, phdr=0x0000000000000000 (3 entries)
[2350 ms] [proc] created pid=2 ppid=0 'c_args' entry=0x0000000000400000 rsp=0x00007ffffffffea0 cr3=0x5b6000 kstack=0xffffd000004682d0 argc=3 envc=6 cwd='/'
[c_args] argc=3
[c_args]   argv[0] = "c_args"
[c_args]   argv[1] = "from-shell"
[c_args]   argv[2] = "PATH-resolved"
[c_args] envc=6
[c_args]   envp[0] = "PATH=/bin"
[c_args]   envp[1] = "HOME=/"
[c_args]   envp[2] = "USER=admin"
[c_args]   envp[3] = "PWD=/"
[c_args] getenv("HOME") = /
[c_args] __toby_argc=3 __toby_argv=0x7ffffffffea8 __toby_envp=0x7ffffffffec8
[c_args] ALL OK
[_exit] code=0 caller=0x0000000000400234
[2350 ms] [sys_exit] user requested exit, code=0 (0x0)
[2350 ms] [proc] pid=2 'c_args' exit code=0 (0x0) cpu=2 ms syscalls=56
[2350 ms] [proc] reaped pid=2, slot recycled
[2350 ms] 'c_args' (pid=2) returned 0 (0x0)
[2350 ms] [shell-test] $ unsetenv M25C_FROM_SHELL
[2350 ms] [boot] M25C: shell smoketest done
[2350 ms] [boot] M26A: driving shell builtins (devlist + drvtest)
[2350 ms] [shell-test] $ echo --- M26A shell builtins ---
[2350 ms] --- [2350 ms] M26A [2350 ms] shell [2350 ms] builtins [2350 ms] ---[2350 ms] 
[2350 ms] [shell-test] $ devlist
[2350 ms] [devtest] === 11 devices ===
[2350 ms] [INFO] pci: 00:00.0 drv=- status=0x01 8086:1237 cls=06.00.00 irq=0
[2350 ms] [INFO] pci: 00:01.0 drv=- status=0x01 8086:7000 cls=06.01.00 irq=0
[2350 ms] [INFO] pci: 00:01.1 drv=blk_ata status=0x03 8086:7010 cls=01.01.80 irq=0
[2350 ms] [INFO] pci: 00:01.3 drv=- status=0x01 8086:7113 cls=06.80.00 irq=9
[2350 ms] [INFO] pci: 00:02.0 drv=- status=0x01 1234:1111 cls=03.00.00 irq=0
[2350 ms] [INFO] pci: 00:03.0 drv=virtio-rng status=0x03 1af4:1044 cls=00.ff.00 irq=11
[2350 ms] [INFO] pci: 00:04.0 drv=e1000 status=0x03 8086:100e cls=02.00.00 irq=11
[2350 ms] [INFO] blk: ide0:master drv=disk status=0x03 sectors=32768 (16384 KiB) class=1
[2350 ms] [INFO] in: kbd0 drv=ps2_kbd status=0x03 PS/2 IRQ1 chars=0 irqs=0 caps=0
[2350 ms] [INFO] in: mouse0 drv=ps2_mouse status=0x03 PS/2 IRQ12 events=0 clicks=0 btn=0x00
[2350 ms] [INFO] fb: fb0 drv=limine-fb status=0x07 1280x800 pitch=5120 bpp=32 fmt=1 flips=3
[2360 ms] [shell-test] $ devlist usb
[2360 ms] [devtest] === 0 devices ===
[2360 ms] [shell-test] $ devlist pci
[2360 ms] [devtest] === 7 devices ===
[2360 ms] [INFO] pci: 00:00.0 drv=- status=0x01 8086:1237 cls=06.00.00 irq=0
[2360 ms] [INFO] pci: 00:01.0 drv=- status=0x01 8086:7000 cls=06.01.00 irq=0
[2360 ms] [INFO] pci: 00:01.1 drv=blk_ata status=0x03 8086:7010 cls=01.01.80 irq=0
[2360 ms] [INFO] pci: 00:01.3 drv=- status=0x01 8086:7113 cls=06.80.00 irq=9
[2360 ms] [INFO] pci: 00:02.0 drv=- status=0x01 1234:1111 cls=03.00.00 irq=0
[2360 ms] [INFO] pci: 00:03.0 drv=virtio-rng status=0x03 1af4:1044 cls=00.ff.00 irq=11
[2360 ms] [INFO] pci: 00:04.0 drv=e1000 status=0x03 8086:100e cls=02.00.00 irq=11
[2360 ms] [shell-test] $ drvtest
[2360 ms] [PASS] devtest: devtest registry alive
[2360 ms] [PASS] pci: 7 PCI device(s), 3 driver-bound
[2360 ms] [PASS] blk: 1 blk dev(s): disks=1 partitions=0 wrappers=0
[2360 ms] [SKIP] xhci: no xHCI controller present (run with -device qemu-xhci)
[2360 ms] [SKIP] usb_legacy: no UHCI/OHCI/EHCI controllers present
[2360 ms] [SKIP] usb: no xHCI controller, no USB devices
[2360 ms] [SKIP] usb_hub: no USB hub enumerated (try -device usb-hub)
[2360 ms] [SKIP] audio: no HDA controller present (run with -device intel-hda)
[2360 ms] [SKIP] audio_tone: no HDA controller -- run QEMU with -device intel-hda
[2360 ms] [SKIP] battery: no ACPI battery detected (desktop or QEMU default)
[2360 ms] [notify #5 urg=0 kind=2] hotplug: Device attached: selftest-attach -- bus=255 slot=43521 hub.depth=0 hub.port=1
[2360 ms] [notify #6 urg=1 kind=2] hotplug: Device removed: selftest-detach -- bus=255 slot=43521 hub.depth=0 hub.port=1
[2360 ms] [PASS] hotplug: ring=64 capacity=64 posted=2 drained=2 dropped=0
[2360 ms] [PASS] input: ps2 kbd chars=0 irqs=0 (caps=0) | ps2 mouse events=0 clicks=0 | usb_hid devs=0 (kbd=0 mouse=0) frames=0
[2360 ms] [SKIP] usb_hid: no USB HID devices (run with -device usb-kbd / usb-mouse)
[2360 ms] [SKIP] usb_msc: no USB MSC slots (run with -device usb-storage)
[2360 ms] [PASS] display: 1 output(s); primary fb0 1280x800 pitch=5120 bpp=32 backend=limine-fb
[2360 ms] [PASS] display_draw: back buffer reachable 1280x800; clip-paths OK
[2360 ms] [PASS] display_render: backend=limine-fb flip=ok present_rect=yes describe=yes bpp=4 frames=1 flips=3 fb_pitch_px=1280 back_kib=4000
[2360 ms] [PASS] display_alpha: src-over OK: a0=keep, a255=overwrite, a128=blend (got a02020)
[2360 ms] [PASS] display_dirty: tracker OK: rect-inject -> 10,20 100x50, full -> 1280x800 (stats: 7 flips, 3 full, 2 partial, 2 empty)
[2360 ms] [PASS] display_font: scaled bounds OK: 1x=24x8 2x=48x16 3x=72x24 multi=48x32
[2360 ms] [PASS] display_multi: multi OK: 3 outputs registered, layout spans 3104x800 (auto-h-layout + override + cleanup)
[2360 ms] drvtest: 21 test(s) -- pass=12 fail=0 skip=9
[2370 ms] [shell-test] $ drvtest pci
[2370 ms] [PASS] pci: 7 PCI device(s), 3 driver-bound
[2370 ms] drvtest: 1 test(s) -- pass=1 fail=0 skip=0
[2370 ms] [shell-test] $ drvtest xhci
[2370 ms] [SKIP] xhci: no xHCI controller present (run with -device qemu-xhci)
[2370 ms] drvtest: 1 test(s) -- pass=0 fail=0 skip=1
[2380 ms] [shell-test] $ echo --- M26B shell builtins ---
[2380 ms] --- [2380 ms] M26B [2380 ms] shell [2380 ms] builtins [2380 ms] ---[2380 ms] 
[2380 ms] [shell-test] $ devlist hub
[2380 ms] [devtest] === 0 devices ===
[2380 ms] [shell-test] $ drvtest usb_hub
[2380 ms] [SKIP] usb_hub: no USB hub enumerated (try -device usb-hub)
[2380 ms] drvtest: 1 test(s) -- pass=0 fail=0 skip=1
[2380 ms] [elf] phdr[0] LOAD vaddr=0x0000000000400000 memsz=0x4675 filesz=0x4675 flags=R-X U -> pages [0x0000000000400000..0x0000000000405000)
[2380 ms] [elf] phdr[1] LOAD vaddr=0x0000000000405000 memsz=0xa78 filesz=0xa78 flags=R-- U -> pages [0x0000000000405000..0x0000000000406000)
[2380 ms] [elf] phdr[2] LOAD vaddr=0x0000000000406000 memsz=0x21d8 filesz=0x80 flags=RW- U -> pages [0x0000000000406000..0x0000000000409000)
[2380 ms] [elf] load OK (user): type=ET_EXEC, 3 segment(s), base=0x0000000000000000, entry=0x0000000000400000, phdr=0x0000000000000000 (3 entries)
[2380 ms] [proc] created pid=2 ppid=0 'devlist-boot' entry=0x0000000000400000 rsp=0x00007fffffffff20 cr3=0x5b6000 kstack=0xffffd00000468270 argc=2 envc=1 cwd='/'
BUS     NAME             DRIVER       STAT   INFO
---     ----             ------       ----   ----
pci     00:00.0          -            P----  8086:1237 cls=06.00.00 irq=0
pci     00:01.0          -            P----  8086:7000 cls=06.01.00 irq=0
pci     00:01.1          blk_ata      PB---  8086:7010 cls=01.01.80 irq=0
pci     00:01.3          -            P----  8086:7113 cls=06.80.00 irq=9
pci     00:02.0          -            P----  1234:1111 cls=03.00.00 irq=0
pci     00:03.0          virtio-rng   PB---  1af4:1044 cls=00.ff.00 irq=11
pci     00:04.0          e1000        PB---  8086:100e cls=02.00.00 irq=11
blk     ide0:master      disk         PB---  sectors=32768 (16384 KiB) class=1
input   kbd0             ps2_kbd      PB---  PS/2 IRQ1 chars=0 irqs=0 caps=0
input   mouse0           ps2_mouse    PB---  PS/2 IRQ12 events=0 clicks=0 btn=0x00
display fb0              limine-fb    PBA--  1280x800 pitch=5120 bpp=32 fmt=1 flips=6
PASS: devlist: 11 device(s)
[_exit] code=0 caller=0x0000000000400a54
[2390 ms] [sys_exit] user requested exit, code=0 (0x0)
[2390 ms] [proc] pid=2 'devlist-boot' exit code=0 (0x0) cpu=6 ms syscalls=411
[2390 ms] [proc] reaped pid=2, slot recycled
[2390 ms] [boot] M26A: /bin/devlist (pid=2) exit=0 (PASS)
[2390 ms] [elf] phdr[0] LOAD vaddr=0x0000000000400000 memsz=0x4675 filesz=0x4675 flags=R-X U -> pages [0x0000000000400000..0x0000000000405000)
[2400 ms] [elf] phdr[1] LOAD vaddr=0x0000000000405000 memsz=0xa78 filesz=0xa78 flags=R-- U -> pages [0x0000000000405000..0x0000000000406000)
[2400 ms] [elf] phdr[2] LOAD vaddr=0x0000000000406000 memsz=0x21d8 filesz=0x80 flags=RW- U -> pages [0x0000000000406000..0x0000000000409000)
[2400 ms] [elf] load OK (user): type=ET_EXEC, 3 segment(s), base=0x0000000000000000, entry=0x0000000000400000, phdr=0x0000000000000000 (3 entries)
[2400 ms] [proc] created pid=2 ppid=0 'devlist-usb-boot' entry=0x0000000000400000 rsp=0x00007fffffffff20 cr3=0x5b6000 kstack=0xffffd00000468270 argc=2 envc=1 cwd='/'
BUS     NAME             DRIVER       STAT   INFO
---     ----             ------       ----   ----
INFO: devlist: 0 devices
[_exit] code=0 caller=0x0000000000400a54
[2400 ms] [sys_exit] user requested exit, code=0 (0x0)
[2400 ms] [proc] pid=2 'devlist-usb-boot' exit code=0 (0x0) cpu=1 ms syscalls=72
[2400 ms] [proc] reaped pid=2, slot recycled
[2400 ms] [boot] M26A: /bin/devlist (pid=2) exit=0 (PASS)
[2400 ms] [elf] phdr[0] LOAD vaddr=0x0000000000400000 memsz=0x4675 filesz=0x4675 flags=R-X U -> pages [0x0000000000400000..0x0000000000405000)
[2410 ms] [elf] phdr[1] LOAD vaddr=0x0000000000405000 memsz=0xa78 filesz=0xa78 flags=R-- U -> pages [0x0000000000405000..0x0000000000406000)
[2410 ms] [elf] phdr[2] LOAD vaddr=0x0000000000406000 memsz=0x21d8 filesz=0x80 flags=RW- U -> pages [0x0000000000406000..0x0000000000409000)
[2410 ms] [elf] load OK (user): type=ET_EXEC, 3 segment(s), base=0x0000000000000000, entry=0x0000000000400000, phdr=0x0000000000000000 (3 entries)
[2410 ms] [proc] created pid=2 ppid=0 'devlist-hub-boot' entry=0x0000000000400000 rsp=0x00007fffffffff20 cr3=0x5b6000 kstack=0xffffd00000468270 argc=2 envc=1 cwd='/'
BUS     NAME             DRIVER       STAT   INFO
---     ----             ------       ----   ----
INFO: devlist: 0 devices
[_exit] code=0 caller=0x0000000000400a54
[2410 ms] [sys_exit] user requested exit, code=0 (0x0)
[2410 ms] [proc] pid=2 'devlist-hub-boot' exit code=0 (0x0) cpu=1 ms syscalls=72
[2410 ms] [proc] reaped pid=2, slot recycled
[2410 ms] [boot] M26A: /bin/devlist (pid=2) exit=0 (PASS)
[2410 ms] [elf] phdr[0] LOAD vaddr=0x0000000000400000 memsz=0x46a5 filesz=0x46a5 flags=R-X U -> pages [0x0000000000400000..0x0000000000405000)
[2420 ms] [elf] phdr[1] LOAD vaddr=0x0000000000405000 memsz=0xa58 filesz=0xa58 flags=R-- U -> pages [0x0000000000405000..0x0000000000406000)
[2420 ms] [elf] phdr[2] LOAD vaddr=0x0000000000406000 memsz=0x1d8 filesz=0x80 flags=RW- U -> pages [0x0000000000406000..0x0000000000407000)
[2420 ms] [elf] load OK (user): type=ET_EXEC, 3 segment(s), base=0x0000000000000000, entry=0x0000000000400000, phdr=0x0000000000000000 (3 entries)
[2420 ms] [proc] created pid=2 ppid=0 'drvtest-boot' entry=0x0000000000400000 rsp=0x00007fffffffff30 cr3=0x5b6000 kstack=0xffffd00000468270 argc=1 envc=1 cwd='/'
[PASS] devtest: devtest registry alive
[PASS] pci: 7 PCI device(s), 3 driver-bound
[PASS] blk: 1 blk dev(s): disks=1 partitions=0 wrappers=0
[SKIP] xhci: no xHCI controller present (run with -device qemu-xhci)
[SKIP] usb: no xHCI controller, no USB devices
[SKIP] usb_hub: no USB hub enumerated (try -device usb-hub)
[SKIP] audio: no HDA controller present (run with -device intel-hda)
[SKIP] battery: no ACPI battery detected (desktop or QEMU default)
PASS: drvtest: pass=3 skip=5 fail=0 (total=8)
[_exit] code=0 caller=0x0000000000400314
[2430 ms] [sys_exit] user requested exit, code=0 (0x0)
[2430 ms] [proc] pid=2 'drvtest-boot' exit code=0 (0x0) cpu=3 ms syscalls=60
[2430 ms] [proc] reaped pid=2, slot recycled
[2430 ms] [boot] M26A: /bin/drvtest (pid=2) exit=0 (PASS)
[2430 ms] [elf] phdr[0] LOAD vaddr=0x0000000000400000 memsz=0x46a5 filesz=0x46a5 flags=R-X U -> pages [0x0000000000400000..0x0000000000405000)
[2430 ms] [elf] phdr[1] LOAD vaddr=0x0000000000405000 memsz=0xa58 filesz=0xa58 flags=R-- U -> pages [0x0000000000405000..0x0000000000406000)
[2430 ms] [elf] phdr[2] LOAD vaddr=0x0000000000406000 memsz=0x1d8 filesz=0x80 flags=RW- U -> pages [0x0000000000406000..0x0000000000407000)
[2430 ms] [elf] load OK (user): type=ET_EXEC, 3 segment(s), base=0x0000000000000000, entry=0x0000000000400000, phdr=0x0000000000000000 (3 entries)
[2440 ms] [proc] created pid=2 ppid=0 'drvtest-named' entry=0x0000000000400000 rsp=0x00007fffffffff10 cr3=0x5b6000 kstack=0xffffd00000468270 argc=4 envc=1 cwd='/'
[PASS] pci: 7 PCI device(s), 3 driver-bound
[SKIP] xhci: no xHCI controller present (run with -device qemu-xhci)
[SKIP] usb: no xHCI controller, no USB devices
PASS: drvtest: pass=1 skip=2 fail=0 (total=3)
[_exit] code=0 caller=0x0000000000400314
[2440 ms] [sys_exit] user requested exit, code=0 (0x0)
[2440 ms] [proc] pid=2 'drvtest-named' exit code=0 (0x0) cpu=2 ms syscalls=30
[2440 ms] [proc] reaped pid=2, slot recycled
[2440 ms] [boot] M26A: /bin/drvtest (pid=2) exit=0 (PASS)
[2440 ms] [elf] phdr[0] LOAD vaddr=0x0000000000400000 memsz=0x51d5 filesz=0x51d5 flags=R-X U -> pages [0x0000000000400000..0x0000000000406000)
[2440 ms] [elf] phdr[1] LOAD vaddr=0x0000000000406000 memsz=0xf98 filesz=0xf98 flags=R-- U -> pages [0x0000000000406000..0x0000000000407000)
[2440 ms] [elf] phdr[2] LOAD vaddr=0x0000000000407000 memsz=0xb3d8 filesz=0x80 flags=RW- U -> pages [0x0000000000407000..0x0000000000413000)
[2440 ms] [elf] load OK (user): type=ET_EXEC, 3 segment(s), base=0x0000000000000000, entry=0x0000000000400000, phdr=0x0000000000000000 (3 entries)
[2440 ms] [proc] created pid=2 ppid=0 'usbtest-list' entry=0x0000000000400000 rsp=0x00007fffffffff20 cr3=0x5b6000 kstack=0xffffd00000468270 argc=2 envc=1 cwd='/'
INFO: usbtest list: no USB devices
[_exit] code=0 caller=0x00000000004015b4
[2450 ms] [sys_exit] user requested exit, code=0 (0x0)
[2450 ms] [proc] pid=2 'usbtest-list' exit code=0 (0x0) cpu=0 ms syscalls=4
[2450 ms] [proc] reaped pid=2, slot recycled
[2450 ms] [boot] M26A: /bin/usbtest (pid=2) exit=0 (PASS)
[2450 ms] [elf] phdr[0] LOAD vaddr=0x0000000000400000 memsz=0x51d5 filesz=0x51d5 flags=R-X U -> pages [0x0000000000400000..0x0000000000406000)
[2450 ms] [elf] phdr[1] LOAD vaddr=0x0000000000406000 memsz=0xf98 filesz=0xf98 flags=R-- U -> pages [0x0000000000406000..0x0000000000407000)
[2450 ms] [elf] phdr[2] LOAD vaddr=0x0000000000407000 memsz=0xb3d8 filesz=0x80 flags=RW- U -> pages [0x0000000000407000..0x0000000000413000)
[2450 ms] [elf] load OK (user): type=ET_EXEC, 3 segment(s), base=0x0000000000000000, entry=0x0000000000400000, phdr=0x0000000000000000 (3 entries)
[2450 ms] [proc] created pid=2 ppid=0 'usbtest-ctrl' entry=0x0000000000400000 rsp=0x00007fffffffff20 cr3=0x5b6000 kstack=0xffffd00000468270 argc=2 envc=1 cwd='/'
SKIP: usbtest controller: no xHCI controller present (run with -device qemu-xhci)
[_exit] code=0 caller=0x00000000004015b4
[2450 ms] [sys_exit] user requested exit, code=0 (0x0)
[2450 ms] [proc] pid=2 'usbtest-ctrl' exit code=0 (0x0) cpu=1 ms syscalls=9
[2450 ms] [proc] reaped pid=2, slot recycled
[2450 ms] [boot] M26A: /bin/usbtest (pid=2) exit=0 (PASS)
[2450 ms] [elf] phdr[0] LOAD vaddr=0x0000000000400000 memsz=0x51d5 filesz=0x51d5 flags=R-X U -> pages [0x0000000000400000..0x0000000000406000)
[2460 ms] [elf] phdr[1] LOAD vaddr=0x0000000000406000 memsz=0xf98 filesz=0xf98 flags=R-- U -> pages [0x0000000000406000..0x0000000000407000)
[2460 ms] [elf] phdr[2] LOAD vaddr=0x0000000000407000 memsz=0xb3d8 filesz=0x80 flags=RW- U -> pages [0x0000000000407000..0x0000000000413000)
[2460 ms] [elf] load OK (user): type=ET_EXEC, 3 segment(s), base=0x0000000000000000, entry=0x0000000000400000, phdr=0x0000000000000000 (3 entries)
[2460 ms] [proc] created pid=2 ppid=0 'usbtest-devs' entry=0x0000000000400000 rsp=0x00007fffffffff20 cr3=0x5b6000 kstack=0xffffd00000468270 argc=2 envc=1 cwd='/'
SKIP: usbtest devices: no xHCI controller, no USB devices
[_exit] code=0 caller=0x00000000004015b4
[2460 ms] [sys_exit] user requested exit, code=0 (0x0)
[2460 ms] [proc] pid=2 'usbtest-devs' exit code=0 (0x0) cpu=0 ms syscalls=9
[2460 ms] [proc] reaped pid=2, slot recycled
[2460 ms] [boot] M26A: /bin/usbtest (pid=2) exit=0 (PASS)
[2460 ms] [elf] phdr[0] LOAD vaddr=0x0000000000400000 memsz=0x51d5 filesz=0x51d5 flags=R-X U -> pages [0x0000000000400000..0x0000000000406000)
[2470 ms] [elf] phdr[1] LOAD vaddr=0x0000000000406000 memsz=0xf98 filesz=0xf98 flags=R-- U -> pages [0x0000000000406000..0x0000000000407000)
[2470 ms] [elf] phdr[2] LOAD vaddr=0x0000000000407000 memsz=0xb3d8 filesz=0x80 flags=RW- U -> pages [0x0000000000407000..0x0000000000413000)
[2470 ms] [elf] load OK (user): type=ET_EXEC, 3 segment(s), base=0x0000000000000000, entry=0x0000000000400000, phdr=0x0000000000000000 (3 entries)
[2470 ms] [proc] created pid=2 ppid=0 'usbtest-hub' entry=0x0000000000400000 rsp=0x00007fffffffff20 cr3=0x5b6000 kstack=0xffffd00000468270 argc=2 envc=1 cwd='/'
INFO: usbtest hub: no USB hub registered
INFO: usbtest hub: 0 USB dev(s) total: 0 root, 0 behind hub
SKIP: usbtest hub: no USB hub enumerated (try -device usb-hub)
[_exit] code=0 caller=0x00000000004015b4
[2470 ms] [sys_exit] user requested exit, code=0 (0x0)
[2470 ms] [proc] pid=2 'usbtest-hub' exit code=0 (0x0) cpu=1 ms syscalls=17
[2470 ms] [proc] reaped pid=2, slot recycled
[2470 ms] [boot] M26A: /bin/usbtest (pid=2) exit=0 (PASS)
[2470 ms] [elf] phdr[0] LOAD vaddr=0x0000000000400000 memsz=0x51d5 filesz=0x51d5 flags=R-X U -> pages [0x0000000000400000..0x0000000000406000)
[2470 ms] [elf] phdr[1] LOAD vaddr=0x0000000000406000 memsz=0xf98 filesz=0xf98 flags=R-- U -> pages [0x0000000000406000..0x0000000000407000)
[2470 ms] [elf] phdr[2] LOAD vaddr=0x0000000000407000 memsz=0xb3d8 filesz=0x80 flags=RW- U -> pages [0x0000000000407000..0x0000000000413000)
[2470 ms] [elf] load OK (user): type=ET_EXEC, 3 segment(s), base=0x0000000000000000, entry=0x0000000000400000, phdr=0x0000000000000000 (3 entries)
[2480 ms] [proc] created pid=2 ppid=0 'usbtest-hotplug' entry=0x0000000000400000 rsp=0x00007fffffffff20 cr3=0x5b6000 kstack=0xffffd00000468270 argc=2 envc=1 cwd='/'
[2480 ms] [notify #7 urg=0 kind=2] hotplug: Device attached: selftest-attach -- bus=255 slot=43521 hub.depth=0 hub.port=1
[2480 ms] [notify #8 urg=1 kind=2] hotplug: Device removed: selftest-detach -- bus=255 slot=43521 hub.depth=0 hub.port=1
PASS: usbtest hotplug ring: ring=64 capacity=64 posted=2 drained=2 dropped=0
INFO: usbtest hotplug drain: no live events queued
[_exit] code=0 caller=0x00000000004015b4
[2480 ms] [sys_exit] user requested exit, code=0 (0x0)
[2480 ms] [proc] pid=2 'usbtest-hotplug' exit code=0 (0x0) cpu=2 ms syscalls=9
[2480 ms] [proc] reaped pid=2, slot recycled
[2480 ms] [boot] M26A: /bin/usbtest (pid=2) exit=0 (PASS)
[2480 ms] [elf] phdr[0] LOAD vaddr=0x0000000000400000 memsz=0x51d5 filesz=0x51d5 flags=R-X U -> pages [0x0000000000400000..0x0000000000406000)
[2480 ms] [elf] phdr[1] LOAD vaddr=0x0000000000406000 memsz=0xf98 filesz=0xf98 flags=R-- U -> pages [0x0000000000406000..0x0000000000407000)
[2480 ms] [elf] phdr[2] LOAD vaddr=0x0000000000407000 memsz=0xb3d8 filesz=0x80 flags=RW- U -> pages [0x0000000000407000..0x0000000000413000)
[2480 ms] [elf] load OK (user): type=ET_EXEC, 3 segment(s), base=0x0000000000000000, entry=0x0000000000400000, phdr=0x0000000000000000 (3 entries)
[2480 ms] [proc] created pid=2 ppid=0 'usbtest-hid' entry=0x0000000000400000 rsp=0x00007fffffffff20 cr3=0x5b6000 kstack=0xffffd00000468270 argc=2 envc=1 cwd='/'
INFO: usbtest hid: 2 INPUT dev(s): 2 ps2 + 0 usb_hid
BUS     NAME             DRIVER       STAT   INFO
---     ----             ------       ----   ----
input   kbd0             ps2_kbd      PB---  PS/2 IRQ1 chars=0 irqs=0 caps=0
input   mouse0           ps2_mouse    PB---  PS/2 IRQ12 events=0 clicks=0 btn=0x00
PASS: usbtest hid input: ps2 kbd chars=0 irqs=0 (caps=0) | ps2 mouse events=0 clicks=0 | usb_hid devs=0 (kbd=0 mouse=0) frames=0
SKIP: usbtest hid usb_hid: no USB HID devices (run with -device usb-kbd / usb-mouse)
[_exit] code=0 caller=0x00000000004015b4
[2490 ms] [sys_exit] user requested exit, code=0 (0x0)
[2490 ms] [proc] pid=2 'usbtest-hid' exit code=0 (0x0) cpu=4 ms syscalls=144
[2490 ms] [proc] reaped pid=2, slot recycled
[2490 ms] [boot] M26A: /bin/usbtest (pid=2) exit=0 (PASS)
[2490 ms] [elf] phdr[0] LOAD vaddr=0x0000000000400000 memsz=0x51d5 filesz=0x51d5 flags=R-X U -> pages [0x0000000000400000..0x0000000000406000)
[2500 ms] [elf] phdr[1] LOAD vaddr=0x0000000000406000 memsz=0xf98 filesz=0xf98 flags=R-- U -> pages [0x0000000000406000..0x0000000000407000)
[2500 ms] [elf] phdr[2] LOAD vaddr=0x0000000000407000 memsz=0xb3d8 filesz=0x80 flags=RW- U -> pages [0x0000000000407000..0x0000000000413000)
[2500 ms] [elf] load OK (user): type=ET_EXEC, 3 segment(s), base=0x0000000000000000, entry=0x0000000000400000, phdr=0x0000000000000000 (3 entries)
[2500 ms] [proc] created pid=2 ppid=0 'usbtest-storage' entry=0x0000000000400000 rsp=0x00007fffffffff20 cr3=0x5b6000 kstack=0xffffd00000468270 argc=2 envc=1 cwd='/'
INFO: usbtest storage: 1 BLK dev(s): 1 disk + 0 part, 0 gone, 0 mounted
BUS     NAME             DRIVER       STAT   INFO
---     ----             ------       ----   ----
blk     ide0:master      disk         PB---  sectors=32768 (16384 KiB) class=1
SKIP: usbtest storage: no USB MSC slots (run with -device usb-storage)
INFO: usbtest storage: no live USB mount -- skipping FAT32 roundtrip
[_exit] code=0 caller=0x00000000004015b4
[2500 ms] [sys_exit] user requested exit, code=0 (0x0)
[2500 ms] [proc] pid=2 'usbtest-storage' exit code=0 (0x0) cpu=3 ms syscalls=116
[2510 ms] [proc] reaped pid=2, slot recycled
[2510 ms] [boot] M26A: /bin/usbtest (pid=2) exit=0 (PASS)
[2510 ms] [elf] phdr[0] LOAD vaddr=0x0000000000400000 memsz=0x4615 filesz=0x4615 flags=R-X U -> pages [0x0000000000400000..0x0000000000405000)
[2510 ms] [elf] phdr[1] LOAD vaddr=0x0000000000405000 memsz=0xb18 filesz=0xb18 flags=R-- U -> pages [0x0000000000405000..0x0000000000406000)
[2510 ms] [elf] phdr[2] LOAD vaddr=0x0000000000406000 memsz=0x21d8 filesz=0x80 flags=RW- U -> pages [0x0000000000406000..0x0000000000409000)
[2510 ms] [elf] load OK (user): type=ET_EXEC, 3 segment(s), base=0x0000000000000000, entry=0x0000000000400000, phdr=0x0000000000000000 (3 entries)
[2510 ms] [proc] created pid=2 ppid=0 'audiotest-boot' entry=0x0000000000400000 rsp=0x00007fffffffff30 cr3=0x5b6000 kstack=0xffffd00000468270 argc=1 envc=1 cwd='/'
INFO: audiotest: no AUDIO bus devices reported by kernel
SKIP: audiotest controller: no HDA controller present (run with -device intel-hda)
SKIP: audiotest tone: no HDA controller -- run QEMU with -device intel-hda
INFO: audiotest: tone path skipped -- attach a codec via `-device hda-output` to exercise stream descriptors
[_exit] code=0 caller=0x0000000000400284
[2510 ms] [sys_exit] user requested exit, code=0 (0x0)
[2510 ms] [proc] pid=2 'audiotest-boot' exit code=0 (0x0) cpu=1 ms syscalls=15
[2510 ms] [proc] reaped pid=2, slot recycled
[2510 ms] [boot] M26A: /bin/audiotest (pid=2) exit=0 (PASS)
[2510 ms] [elf] phdr[0] LOAD vaddr=0x0000000000400000 memsz=0x45e5 filesz=0x45e5 flags=R-X U -> pages [0x0000000000400000..0x0000000000405000)
[2520 ms] [elf] phdr[1] LOAD vaddr=0x0000000000405000 memsz=0xc78 filesz=0xc78 flags=R-- U -> pages [0x0000000000405000..0x0000000000406000)
[2520 ms] [elf] phdr[2] LOAD vaddr=0x0000000000406000 memsz=0x21d8 filesz=0x80 flags=RW- U -> pages [0x0000000000406000..0x0000000000409000)
[2520 ms] [elf] load OK (user): type=ET_EXEC, 3 segment(s), base=0x0000000000000000, entry=0x0000000000400000, phdr=0x0000000000000000 (3 entries)
[2520 ms] [proc] created pid=2 ppid=0 'batterytest-boot' entry=0x0000000000400000 rsp=0x00007fffffffff30 cr3=0x5b6000 kstack=0xffffd00000468270 argc=1 envc=1 cwd='/'
INFO: batterytest: no battery devices reported by kernel
INFO: batterytest: this is expected on desktops and on QEMU x86 without -fw_cfg name=opt/tobyos/battery_mock,...
SKIP: batterytest: no ACPI battery detected (desktop or QEMU default)
INFO: batterytest: kernel reports no battery; harness treats this as success
INFO: batterytest: to inject a mock battery in QEMU, add: -fw_cfg name=opt/tobyos/battery_mock,string=state=charging,percent=75,design=50000,remaining=37500,rate=1500
[_exit] code=0 caller=0x0000000000400254
[2520 ms] [sys_exit] user requested exit, code=0 (0x0)
[2520 ms] [proc] pid=2 'batterytest-boot' exit code=0 (0x0) cpu=2 ms syscalls=12
[2520 ms] [proc] reaped pid=2, slot recycled
[2520 ms] [boot] M26A: /bin/batterytest (pid=2) exit=0 (PASS)
[2520 ms] [boot] M26A: userland 14 PASS / 0 FAIL / 0 missing of 14
[2520 ms] [boot] M27A: driving display test harness (displayinfo + drawtest + rendertest)
[2520 ms] [elf] phdr[0] LOAD vaddr=0x0000000000400000 memsz=0x48f5 filesz=0x48f5 flags=R-X U -> pages [0x0000000000400000..0x0000000000405000)
[2530 ms] [elf] phdr[1] LOAD vaddr=0x0000000000405000 memsz=0xc38 filesz=0xc38 flags=R-- U -> pages [0x0000000000405000..0x0000000000406000)
[2530 ms] [elf] phdr[2] LOAD vaddr=0x0000000000406000 memsz=0x358 filesz=0x80 flags=RW- U -> pages [0x0000000000406000..0x0000000000407000)
[2530 ms] [elf] load OK (user): type=ET_EXEC, 3 segment(s), base=0x0000000000000000, entry=0x0000000000400000, phdr=0x0000000000000000 (3 entries)
[2530 ms] [proc] created pid=2 ppid=0 'displayinfo-boot' entry=0x0000000000400000 rsp=0x00007fffffffff30 cr3=0x5b6000 kstack=0xffffd00000468270 argc=1 envc=1 cwd='/'
IDX NAME       BACKEND      RES        BPP   PITCH     FORMAT    ORIGIN       FLAGS
--- ----       -------      ---        ---   -----     ------    ------       -----
0   fb0        limine-fb    1280x800   32    5120      XRGB8888  (0,0)        P*A flips=6
PASS: displayinfo: 1 output(s); primary fb0 1280x800 backend=limine-fb layout=1280x800
[_exit] code=0 caller=0x0000000000400cd4
[2530 ms] [sys_exit] user requested exit, code=0 (0x0)
[2530 ms] [proc] pid=2 'displayinfo-boot' exit code=0 (0x0) cpu=4 ms syscalls=170
[2530 ms] [proc] reaped pid=2, slot recycled
[2530 ms] [boot] M27A: /bin/displayinfo (pid=2) exit=0 (PASS)
[2540 ms] [elf] phdr[0] LOAD vaddr=0x0000000000400000 memsz=0x48f5 filesz=0x48f5 flags=R-X U -> pages [0x0000000000400000..0x0000000000405000)
[2540 ms] [elf] phdr[1] LOAD vaddr=0x0000000000405000 memsz=0xc38 filesz=0xc38 flags=R-- U -> pages [0x0000000000405000..0x0000000000406000)
[2540 ms] [elf] phdr[2] LOAD vaddr=0x0000000000406000 memsz=0x358 filesz=0x80 flags=RW- U -> pages [0x0000000000406000..0x0000000000407000)
[2540 ms] [elf] load OK (user): type=ET_EXEC, 3 segment(s), base=0x0000000000000000, entry=0x0000000000400000, phdr=0x0000000000000000 (3 entries)
[2540 ms] [proc] created pid=2 ppid=0 'displayinfo-json' entry=0x0000000000400000 rsp=0x00007fffffffff20 cr3=0x5b6000 kstack=0xffffd00000468270 argc=2 envc=1 cwd='/'
{"idx":0,"name":"fb0","backend":"limine-fb","backend_id":1,"width":1280,"height":800,"bpp":32,"pitch_bytes":5120,"pixel_format":1,"origin_x":0,"origin_y":0,"flags":"P*A","flips":6}
{"layout":{"x":0,"y":0,"w":1280,"h":800,"count":1}}
PASS: displayinfo: 1 output(s) layout=1280x800
[_exit] code=0 caller=0x0000000000400cd4
[2550 ms] [sys_exit] user requested exit, code=0 (0x0)
[2550 ms] [proc] pid=2 'displayinfo-json' exit code=0 (0x0) cpu=2 ms syscalls=48
[2550 ms] [proc] reaped pid=2, slot recycled
[2550 ms] [boot] M27A: /bin/displayinfo (pid=2) exit=0 (PASS)
[2550 ms] [elf] phdr[0] LOAD vaddr=0x0000000000400000 memsz=0x4bb5 filesz=0x4bb5 flags=R-X U -> pages [0x0000000000400000..0x0000000000405000)
[2550 ms] [elf] phdr[1] LOAD vaddr=0x0000000000405000 memsz=0xcb8 filesz=0xcb8 flags=R-- U -> pages [0x0000000000405000..0x0000000000406000)
[2550 ms] [elf] phdr[2] LOAD vaddr=0x0000000000406000 memsz=0x4e8 filesz=0x80 flags=RW- U -> pages [0x0000000000406000..0x0000000000407000)
[2550 ms] [elf] load OK (user): type=ET_EXEC, 3 segment(s), base=0x0000000000000000, entry=0x0000000000400000, phdr=0x0000000000000000 (3 entries)
[2550 ms] [proc] created pid=2 ppid=0 'drawtest-boot' entry=0x0000000000400000 rsp=0x00007fffffffff30 cr3=0x5b6000 kstack=0xffffd00000468270 argc=1 envc=1 cwd='/'
[2550 ms] [trace t=255 pid=2] [2550 ms] window_create wid=2 owner_pid=2 size=320x240 pos=(88,68) title='drawtest'[2550 ms] 
PASS: drawtest: 49 primitive(s) ran cleanly; 320x240 window flipped
[_exit] code=0 caller=0x0000000000400f94
[2550 ms] [sys_exit] user requested exit, code=0 (0x0)
[2550 ms] [trace t=255 pid=2] [2550 ms] window_close wid=2 owner_pid=2 title='drawtest'[2550 ms] 
[2550 ms] [proc] pid=2 'drawtest-boot' exit code=0 (0x0) cpu=1 ms syscalls=61
[2560 ms] [proc] reaped pid=2, slot recycled
[2560 ms] [boot] M27A: /bin/drawtest (pid=2) exit=0 (PASS)
[2560 ms] [elf] phdr[0] LOAD vaddr=0x0000000000400000 memsz=0x54c5 filesz=0x54c5 flags=R-X U -> pages [0x0000000000400000..0x0000000000406000)
[2560 ms] [elf] phdr[1] LOAD vaddr=0x0000000000406000 memsz=0x11a8 filesz=0x11a8 flags=R-- U -> pages [0x0000000000406000..0x0000000000408000)
[2560 ms] [elf] phdr[2] LOAD vaddr=0x0000000000408000 memsz=0x35c filesz=0x80 flags=RW- U -> pages [0x0000000000408000..0x0000000000409000)
[2560 ms] [elf] load OK (user): type=ET_EXEC, 3 segment(s), base=0x0000000000000000, entry=0x0000000000400000, phdr=0x0000000000000000 (3 entries)
[2560 ms] [proc] created pid=2 ppid=0 'rendertest-boot' entry=0x0000000000400000 rsp=0x00007fffffffff30 cr3=0x5b6000 kstack=0xffffd000004911b0 argc=1 envc=1 cwd='/'
[PASS] rendertest basic      -- fb0 1280x800 backend=limine-fb flips=6
[PASS] rendertest geometry   -- bpp=32 pitch=5120 (>=min 5120)
[2560 ms] [trace t=256 pid=2] [2560 ms] window_create wid=2 owner_pid=2 size=160x100 pos=(116,96) title='rt-prim'[2560 ms] 
[2570 ms] [trace t=257 pid=2] [2570 ms] window_close wid=2 owner_pid=2 title='rt-prim'[2570 ms] 
[PASS] rendertest primitives -- 5 primitives + flip + close OK
[2570 ms] [trace t=257 pid=2] [2570 ms] window_create wid=2 owner_pid=2 size=120x80 pos=(144,124) title='rt-back'[2570 ms] 
[2570 ms] [trace t=257 pid=2] [2570 ms] window_create wid=3 owner_pid=2 size=120x80 pos=(172,152) title='rt-front'[2570 ms] 
[2570 ms] [trace t=257 pid=2] [2570 ms] window_close wid=3 owner_pid=2 title='rt-front'[2570 ms] 
[2570 ms] [trace t=257 pid=2] [2570 ms] window_close wid=2 owner_pid=2 title='rt-back'[2570 ms] 
[PASS] rendertest overlap    -- two stacked 120x80 windows flipped + closed
[2570 ms] [trace t=257 pid=2] [2570 ms] window_create wid=2 owner_pid=2 size=80x60 pos=(200,180) title='rt-cursor'[2570 ms] 
[2570 ms] [trace t=257 pid=2] [2570 ms] window_close wid=2 owner_pid=2 title='rt-cursor'[2570 ms] 
[FAIL] rendertest cursor     -- flip counter did not advance (6 -> 6) -- compositor stuck?
[PASS] rendertest backend    -- backend=limine-fb id=1 (mapped=limine-fb) bpp=32 pitch=5120
[2570 ms] [trace t=257 pid=2] [2570 ms] window_create wid=2 owner_pid=2 size=320x220 pos=(228,208) title='rt-alpha'[2570 ms] 
[2570 ms] [trace t=257 pid=2] [2570 ms] window_close wid=2 owner_pid=2 title='rt-alpha'[2570 ms] 
[PASS] rendertest alpha      -- 6 ARGB overlays committed (3 translucent + 3 edge cases)
[SKIP] rendertest font       -- anti-aliased / large fonts arrive in M27D
[2570 ms] [trace t=257 pid=2] [2570 ms] window_create wid=2 owner_pid=2 size=160x100 pos=(256,236) title='rt-dirty'[2570 ms] 
[2570 ms] [trace t=257 pid=2] [2570 ms] window_close wid=2 owner_pid=2 title='rt-dirty'[2570 ms] 
[PASS] rendertest dirty      -- flips +0 (full+0 partial+0); compositor frames +0 (baseline: total=7 partial=2)
FAIL: rendertest: pass=7 skip=1 fail=1 (total=9)
[_exit] code=1 caller=0x00000000004018a4
[2570 ms] [sys_exit] user requested exit, code=1 (0x1)
[2580 ms] [proc] pid=2 'rendertest-boot' exit code=1 (0x1) cpu=11 ms syscalls=161
[2580 ms] [proc] reaped pid=2, slot recycled
[2580 ms] [boot] M27A: /bin/rendertest (pid=2) exit=1 (FAIL)
[2580 ms] [elf] phdr[0] LOAD vaddr=0x0000000000400000 memsz=0x4416 filesz=0x4416 flags=R-X U -> pages [0x0000000000400000..0x0000000000405000)
[2580 ms] [elf] phdr[1] LOAD vaddr=0x0000000000405000 memsz=0x920 filesz=0x920 flags=R-- U -> pages [0x0000000000405000..0x0000000000406000)
[2580 ms] [elf] phdr[2] LOAD vaddr=0x0000000000406000 memsz=0x1dc filesz=0x80 flags=RW- U -> pages [0x0000000000406000..0x0000000000407000)
[2580 ms] [elf] load OK (user): type=ET_EXEC, 3 segment(s), base=0x0000000000000000, entry=0x0000000000400000, phdr=0x0000000000000000 (3 entries)
[2580 ms] [proc] created pid=2 ppid=0 'fonttest-boot' entry=0x0000000000400000 rsp=0x00007fffffffff30 cr3=0x5b6000 kstack=0xffffd000004dd1b0 argc=1 envc=1 cwd='/'
[2590 ms] [trace t=259 pid=2] [2590 ms] window_create wid=2 owner_pid=2 size=320x200 pos=(284,264) title='ft-bitmap'[2590 ms] 
[2590 ms] [trace t=259 pid=2] [2590 ms] window_close wid=2 owner_pid=2 title='ft-bitmap'[2590 ms] 
[PASS] fonttest bitmap     -- 8x8 legacy path
[2590 ms] [trace t=259 pid=2] [2590 ms] window_create wid=2 owner_pid=2 size=320x200 pos=(312,292) title='ft-s2'[2590 ms] 
[2590 ms] [trace t=259 pid=2] [2590 ms] window_close wid=2 owner_pid=2 title='ft-s2'[2590 ms] 
[PASS] fonttest scale2     -- 16x16 cell
[2590 ms] [trace t=259 pid=2] [2590 ms] window_create wid=2 owner_pid=2 size=320x200 pos=(340,320) title='ft-s4'[2590 ms] 
[2590 ms] [trace t=259 pid=2] [2590 ms] window_close wid=2 owner_pid=2 title='ft-s4'[2590 ms] 
[PASS] fonttest scale4     -- 32x32 cell
[2590 ms] [trace t=259 pid=2] [2590 ms] window_create wid=2 owner_pid=2 size=320x200 pos=(368,348) title='ft-sm'[2590 ms] 
[2590 ms] [trace t=259 pid=2] [2590 ms] window_close wid=2 owner_pid=2 title='ft-sm'[2590 ms] 
[PASS] fonttest smooth     -- 32x32 + corner smoothing
[2590 ms] [trace t=259 pid=2] [2590 ms] window_create wid=2 owner_pid=2 size=320x200 pos=(396,376) title='ft-mixed'[2590 ms] 
[2590 ms] [trace t=259 pid=2] [2590 ms] window_close wid=2 owner_pid=2 title='ft-mixed'[2590 ms] 
[PASS] fonttest mixed      -- letters/numbers/symbols + multiline
[2590 ms] [trace t=259 pid=2] [2590 ms] window_create wid=2 owner_pid=2 size=320x200 pos=(424,404) title='ft-clamp'[2590 ms] 
[2590 ms] [trace t=259 pid=2] [2590 ms] window_close wid=2 owner_pid=2 title='ft-clamp'[2590 ms] 
[PASS] fonttest clamp      -- scale=0 -> 1, scale=99 -> 32
[fonttest] 6/6 PASS (0 FAIL)
[_exit] code=0 caller=0x0000000000400664
[2590 ms] [sys_exit] user requested exit, code=0 (0x0)
[2600 ms] [proc] pid=2 'fonttest-boot' exit code=0 (0x0) cpu=8 ms syscalls=114
[2600 ms] [proc] reaped pid=2, slot recycled
[2600 ms] [boot] M27A: /bin/fonttest (pid=2) exit=0 (PASS)
[2600 ms] [boot] M27A: display 4 PASS / 1 FAIL / 0 missing of 5
[2600 ms] [display] 1 output(s) registered (primary idx=0) layout=1280x800@(0,0)
[2600 ms] [INFO] display: fb0 (primary) 1280x800@(0,0) pitch=5120 bpp=32 fmt=1 backend=limine-fb flips=6
[2600 ms] [boot] M28A: driving logging harness (slog ring + logview)
[2600 ms] [2600] INFO  kernel   pid=0: M28A_TAG kernel info trace
[2600 ms] [2600] WARN  fs       pid=0: M28A_TAG fs warn trace
[2600 ms] [2600] ERROR net      pid=0: M28A_TAG net error trace
[2600 ms] [2600] INFO  gui      pid=0: M28A_TAG gui info trace
[2600 ms] [2600] INFO  driver   pid=0: M28A_TAG driver info trace
[2600 ms] [2600] INFO  display  pid=0: M28A_TAG display info trace
[2600 ms] [2600] INFO  audio    pid=0: M28A_TAG audio info trace
[2600 ms] [2600] WARN  svc      pid=0: M28A_TAG svc warn trace
[2600 ms] [2600] ERROR panic    pid=0: M28A_TAG panic-test (synthetic, no halt)
[2640 ms] [boot] M28A: slog persist PASS path=/data/system.log
[2640 ms] [boot] M28A: slog stats emitted=26 dropped=0 in_use=26 depth=256 err=2 warn=2 info=21 debug=1
[2640 ms] [elf] phdr[0] LOAD vaddr=0x0000000000400000 memsz=0x4bff filesz=0x4bff flags=R-X U -> pages [0x0000000000400000..0x0000000000405000)
[2640 ms] [elf] phdr[1] LOAD vaddr=0x0000000000405000 memsz=0xc70 filesz=0xc70 flags=R-- U -> pages [0x0000000000405000..0x0000000000406000)
[2640 ms] [elf] phdr[2] LOAD vaddr=0x0000000000406000 memsz=0x101d8 filesz=0x80 flags=RW- U -> pages [0x0000000000406000..0x0000000000417000)
[2640 ms] [elf] load OK (user): type=ET_EXEC, 3 segment(s), base=0x0000000000000000, entry=0x0000000000400000, phdr=0x0000000000000000 (3 entries)
[2650 ms] [proc] created pid=2 ppid=0 'logview-boot' entry=0x0000000000400000 rsp=0x00007fffffffff20 cr3=0x5b6000 kstack=0xffffd000004dd1b0 argc=2 envc=1 cwd='/'
M28A_LOGVIEW: ring=26 tags=10 kernel=1 fs=1 net=1 gui=1 emitted=26 dropped=0 in_use=26 depth=256
SEQ     TIME(ms)   LEVEL SUB        PID   MESSAGE
-----   --------   ----- ---        ---   -------
17      2600       INFO  kernel     0     M28A_TAG kernel info trace
18      2600       WARN  fs         0     M28A_TAG fs warn trace
19      2600       ERROR net        0     M28A_TAG net error trace
20      2600       INFO  gui        0     M28A_TAG gui info trace
21      2600       INFO  driver     0     M28A_TAG driver info trace
22      2600       DEBUG proc       0     M28A_TAG proc debug trace (gated)
23      2600       INFO  display    0     M28A_TAG display info trace
24      2600       INFO  audio      0     M28A_TAG audio info trace
25      2600       WARN  svc        0     M28A_TAG svc warn trace
26      2600       ERROR panic      0     M28A_TAG panic-test (synthetic, no halt)
[2650 ms] [2650] INFO  user     pid=2: M28A_TAG logview boot write
M28A_LOGVIEW: PASS
[_exit] code=0 caller=0x00000000004011d4
[2660 ms] [sys_exit] user requested exit, code=0 (0x0)
[2660 ms] [proc] pid=2 'logview-boot' exit code=0 (0x0) cpu=6 ms syscalls=412
[2660 ms] [proc] reaped pid=2, slot recycled
[2660 ms] [boot] M28A: /bin/logview (pid=2) exit=0 (PASS)
[2660 ms] [boot] M28A: logging harness complete
[2660 ms] [boot] M29A: driving hwinfo harness (snapshot + persist + /bin/hwinfo --boot)
[2660 ms] [hwinfo] === hardware inventory ===
[2660 ms] [hwinfo] cpu='QEMU Virtual CPU version 2.5+' family=15 model=107 step=1 count=1
[2660 ms] [hwinfo] feat=fpu tsc msr pae apic sse sse2 ht lm hyper nx
[2660 ms] [hwinfo] mem: total=32614 pg used=3791 pg free=28823 pg
[2660 ms] [hwinfo] bus: pci=7 usb=0 blk=1 input=2 audio=0 battery=0 hub=0 display=1
[2660 ms] [hwinfo] mode=normal profile=vm abi=1 epoch=1
[2690 ms] [boot] M29A: prior snapshot READABLE (size=1953 bytes, from previous boot)
[2720 ms] [2720] INFO  hw       pid=0: hwinfo: persisted 1274 bytes -> /data/hwinfo.snap
[2720 ms] [boot] M29A: hwinfo persist PASS bytes=1274 path=/data/hwinfo.snap
[2720 ms] [boot] M29A: snapshot epoch=3 cpu_count=1 mem_total_pg=32614 pci=7 usb=0 blk=1 disp=1 input=2 audio=0 battery=0 hub=0 profile=vm
[2720 ms] [elf] phdr[0] LOAD vaddr=0x0000000000400000 memsz=0x4a19 filesz=0x4a19 flags=R-X U -> pages [0x0000000000400000..0x0000000000405000)
[2720 ms] [elf] phdr[1] LOAD vaddr=0x0000000000405000 memsz=0xf78 filesz=0xf78 flags=R-- U -> pages [0x0000000000405000..0x0000000000406000)
[2720 ms] [elf] phdr[2] LOAD vaddr=0x0000000000406000 memsz=0x1d8 filesz=0x80 flags=RW- U -> pages [0x0000000000406000..0x0000000000407000)
[2720 ms] [elf] load OK (user): type=ET_EXEC, 3 segment(s), base=0x0000000000000000, entry=0x0000000000400000, phdr=0x0000000000000000 (3 entries)
[2720 ms] [proc] created pid=2 ppid=0 'hwinfo-boot' entry=0x0000000000400000 rsp=0x00007fffffffff20 cr3=0x5b6000 kstack=0xffffd000004dd1b0 argc=2 envc=1 cwd='/'
M29A_HW: abi=1 profile=vm safe=0
M29A_HW: cpu_count=1 family=15 model=107 step=1 feat=0xf6000271 vendor=AuthenticAMD
M29A_HW: mem_total_pg=32614 mem_used_pg=3809 mem_free_pg=28805
M29A_HW: bus pci=7 usb=0 blk=1 input=2 audio=0 battery=0 hub=0 display=1
M29A_HW: PASS
[_exit] code=0 caller=0x0000000000400dd4
[2730 ms] [sys_exit] user requested exit, code=0 (0x0)
[2730 ms] [proc] pid=2 'hwinfo-boot' exit code=0 (0x0) cpu=3 ms syscalls=48
[2730 ms] [proc] reaped pid=2, slot recycled
[2730 ms] [boot] M29A: /bin/hwinfo (pid=2) exit=0 (PASS)
[2730 ms] [boot] M29A: hwinfo harness complete
[2730 ms] [boot] M29B: driving drvmatch harness (query + fallback + /bin/drvmatch --boot)
[2730 ms] [drvmatch] === driver match table ===
[2730 ms] [drvmatch] total=7 bound=3 unbound=4 forced_off=0
[2730 ms] [drvmatch] PCI 00:00.0 8086:1237 cls=06.00 drv=(none) strat=NONE
[2730 ms] [drvmatch] PCI 00:01.0 8086:7000 cls=06.01 drv=(none) strat=NONE
[2730 ms] [drvmatch] PCI 00:01.1 8086:7010 cls=01.01 drv=blk_ata strat=GENERIC
[2730 ms] [drvmatch] PCI 00:01.3 8086:7113 cls=06.80 drv=(none) strat=NONE
[2730 ms] [drvmatch] PCI 00:02.0 1234:1111 cls=03.00 drv=(none) strat=NONE
[2730 ms] [drvmatch] PCI 00:03.0 1af4:1044 cls=00.ff drv=virtio-rng strat=EXACT
[2730 ms] [drvmatch] PCI 00:04.0 8086:100e cls=02.00 drv=e1000 strat=EXACT
[2730 ms] [boot] M29B: drvmatch total=7 bound=3 unbound=4 forced_off=0
[2730 ms] [elf] phdr[0] LOAD vaddr=0x0000000000400000 memsz=0x5319 filesz=0x5319 flags=R-X U -> pages [0x0000000000400000..0x0000000000406000)
[2740 ms] [elf] phdr[1] LOAD vaddr=0x0000000000406000 memsz=0x1258 filesz=0x1258 flags=R-- U -> pages [0x0000000000406000..0x0000000000408000)
[2740 ms] [elf] phdr[2] LOAD vaddr=0x0000000000408000 memsz=0x1d8 filesz=0x80 flags=RW- U -> pages [0x0000000000408000..0x0000000000409000)
[2740 ms] [elf] load OK (user): type=ET_EXEC, 3 segment(s), base=0x0000000000000000, entry=0x0000000000400000, phdr=0x0000000000000000 (3 entries)
[2740 ms] [proc] created pid=2 ppid=0 'drvmatch-boot' entry=0x0000000000400000 rsp=0x00007fffffffff20 cr3=0x5b6000 kstack=0xffffd000004dd1b0 argc=2 envc=1 cwd='/'
M29B_DRV: bogus probe pci dead:beef rc=-1 errno=2 strat=NONE -> PASS
M29B_DRV: bogus probe usb dead:beef rc=-1 errno=2 strat=NONE -> PASS
M29B_DRV: bogus probe bad-bus rc=-1 errno=22 -> PASS
M29B_DRV: pci total=7 bound=3 none=4 exact=2 class=0 generic=1
M29B_DRV: usb total=0 bound=0 none=0
M29B_DRV: malformed=0
M29B_DRV: PASS
[_exit] code=0 caller=0x00000000004010f4
[2740 ms] [sys_exit] user requested exit, code=0 (0x0)
[2740 ms] [proc] pid=2 'drvmatch-boot' exit code=0 (0x0) cpu=2 ms syscalls=65
[2740 ms] [proc] reaped pid=2, slot recycled
[2740 ms] [boot] M29B: /bin/drvmatch (pid=2) exit=0 (PASS)
[2740 ms] [boot] M29B: forced-disable test SKIPPED (no /etc/drvtest_now)
[2740 ms] [boot] M29B: drvmatch harness complete
[2740 ms] [boot] M35F: driving hwreport harness (/bin/hwreport --boot)
[2740 ms] [elf] phdr[0] LOAD vaddr=0x0000000000400000 memsz=0x4fb9 filesz=0x4fb9 flags=R-X U -> pages [0x0000000000400000..0x0000000000405000)
[2750 ms] [elf] phdr[1] LOAD vaddr=0x0000000000405000 memsz=0x1418 filesz=0x1418 flags=R-- U -> pages [0x0000000000405000..0x0000000000407000)
[2750 ms] [elf] phdr[2] LOAD vaddr=0x0000000000407000 memsz=0x1d8 filesz=0x80 flags=RW- U -> pages [0x0000000000407000..0x0000000000408000)
[2750 ms] [elf] load OK (user): type=ET_EXEC, 3 segment(s), base=0x0000000000000000, entry=0x0000000000400000, phdr=0x0000000000000000 (3 entries)
[2750 ms] [proc] created pid=2 ppid=0 'hwreport-boot' entry=0x0000000000400000 rsp=0x00007fffffffff20 cr3=0x5b6000 kstack=0xffffd000004dd1b0 argc=2 envc=1 cwd='/'
M35F_HWR: boot_mode=normal profile=vm
M35F_HWR: total=7 pci=7 usb=0 supported=3 partial=3 unsupported=1 unknown=0
M35F_HWR: bound pci=3 usb=0 probe_failed=0 forced_off=0
M35F_HWR: verdict=YELLOW
M35F_HWR: PASS
[_exit] code=0 caller=0x0000000000401374
[2750 ms] [sys_exit] user requested exit, code=0 (0x0)
[2750 ms] [proc] pid=2 'hwreport-boot' exit code=0 (0x0) cpu=2 ms syscalls=37
[2750 ms] [proc] reaped pid=2, slot recycled
[2750 ms] [boot] M35F: /bin/hwreport (pid=2) exit=0 (PASS)
[2750 ms] [boot] M35F: hwreport harness complete
[2750 ms] [boot] M35G: driving compattest harness (/bin/compattest --boot)
[2750 ms] [elf] phdr[0] LOAD vaddr=0x0000000000400000 memsz=0x61d9 filesz=0x61d9 flags=R-X U -> pages [0x0000000000400000..0x0000000000407000)
[2760 ms] [elf] phdr[1] LOAD vaddr=0x0000000000407000 memsz=0x2188 filesz=0x2188 flags=R-- U -> pages [0x0000000000407000..0x000000000040a000)
[2760 ms] [elf] phdr[2] LOAD vaddr=0x000000000040a000 memsz=0x5b48 filesz=0x80 flags=RW- U -> pages [0x000000000040a000..0x0000000000410000)
[2760 ms] [elf] load OK (user): type=ET_EXEC, 3 segment(s), base=0x0000000000000000, entry=0x0000000000400000, phdr=0x0000000000000000 (3 entries)
[2760 ms] [proc] created pid=2 ppid=0 'compattest-boot' entry=0x0000000000400000 rsp=0x00007fffffffff20 cr3=0x5b6000 kstack=0xffffd000004dd1b0 argc=2 envc=1 cwd='/'
[2760 ms] [2760] INFO  compat   pid=2: M35G_CMP: no_crashes round-trip sentinel
M35G_CMP: SYSTEM_BOOT: PASS reason="abi=1 cpu='AuthenticAMD' mem=32614 pg epoch=6"
M35G_CMP: DRIVER_MATCH: PASS reason="pci_bound=3/7 with_driver=3"
M35G_CMP: FALLBACK_PATHS: PASS reason="bogus probe ENOENT ok; class/generic seen=yes"
M35G_CMP: NETWORK: PASS reason="net_bound=1/1 driver=e1000"
M35G_CMP: STORAGE: PASS reason="blk_devs=1 hwinfo_blk_count=1 first='ide0:master'"
M35G_CMP: USB_INPUT: SKIPPED_REAL_HARDWARE_REQUIRED reason="no USB stack online (no devices in compat)"
M35G_CMP: LOG_CAPTURE: PASS reason="total_emitted=28 read=16 loud=16"
M35G_CMP: NO_CRASHES: PASS reason="slog round-trip ok; bogus drvmatch ENOENT ok"
M35G_CMP: VERDICT: PASS pass=7 fail=0 skipped=1
[_exit] code=0 caller=0x0000000000401bd4
[2770 ms] [sys_exit] user requested exit, code=0 (0x0)
[2770 ms] [proc] pid=2 'compattest-boot' exit code=0 (0x0) cpu=5 ms syscalls=78
[2770 ms] [proc] reaped pid=2, slot recycled
[2770 ms] [boot] M35G: /bin/compattest (pid=2) exit=0 (PASS)
[2770 ms] [boot] M35G: compattest harness complete
[2780 ms] [boot] M28B: crash dump present (793 bytes) -- running crashinfo
[2780 ms] [elf] phdr[0] LOAD vaddr=0x0000000000400000 memsz=0x4536 filesz=0x4536 flags=R-X U -> pages [0x0000000000400000..0x0000000000405000)
[2790 ms] [elf] phdr[1] LOAD vaddr=0x0000000000405000 memsz=0xb70 filesz=0xb70 flags=R-- U -> pages [0x0000000000405000..0x0000000000406000)
[2790 ms] [elf] phdr[2] LOAD vaddr=0x0000000000406000 memsz=0x401d8 filesz=0x80 flags=RW- U -> pages [0x0000000000406000..0x0000000000447000)
[2790 ms] [elf] load OK (user): type=ET_EXEC, 3 segment(s), base=0x0000000000000000, entry=0x0000000000400000, phdr=0x0000000000000000 (3 entries)
[2790 ms] [proc] created pid=2 ppid=0 'crashinfo-boot' entry=0x0000000000400000 rsp=0x00007fffffffff20 cr3=0x5b6000 kstack=0xffffd000004dd1b0 argc=2 envc=1 cwd='/'
M28B_CRASHINFO: header.magic=0x48535243 version=1 body_bytes=601 boot_seq=1 pid=0
M28B_CRASHINFO: reason="unhandled exception 14 (Page Fault)"
M28B_CRASHINFO: body_preview_begin
tobyOS crash dump
  panic at: src/isr.c:97
  reason  : unhandled exception 14 (Page Fault)
  pid     : 0 (kernel_main)
  regs:
  rax=0000000000000000 rbx=0000000000000000 rcx=000000000000000e rdx=ffffffff8008e62e
  rsi=0000000000000061 rdi=ffffffff8008b7ad rbp=ffff800007f8e790 rsp=ffff800007f8d540
  r8 =ffffffff80088d7a r9 =0000000000000000 r10=00000000270a2900 r11=0000000000001400
  r12=000000000000002c r13=ffffffffffffffd4 r14=ffffffff8008b7ad r15=0000000000000061
  rip=ffffffff800096d0 rfl=0000000000000097
  cr0=0000000080010011 cr2=ffffffff801f8000 cr3=0000000000062000 cr4=0000000000000020
M28B_CRASHINFO: body_preview_end
M28B_CRASHINFO: heuristics regs=1 slog=0
M28B_CRASHINFO: PASS
[_exit] code=0 caller=0x0000000000400ef4
[2830 ms] [sys_exit] user requested exit, code=0 (0x0)
[2830 ms] [proc] pid=2 'crashinfo-boot' exit code=0 (0x0) cpu=13 ms syscalls=628
[2830 ms] [proc] reaped pid=2, slot recycled
[2830 ms] [boot] M28B: /bin/crashinfo (pid=2) exit=0 (PASS)
[2840 ms] [boot] M28E: /data mounted -- spawning /bin/fscheck --boot
[2840 ms] [elf] phdr[0] LOAD vaddr=0x0000000000400000 memsz=0x44f9 filesz=0x44f9 flags=R-X U -> pages [0x0000000000400000..0x0000000000405000)
[2840 ms] [elf] phdr[1] LOAD vaddr=0x0000000000405000 memsz=0xb80 filesz=0xb80 flags=R-- U -> pages [0x0000000000405000..0x0000000000406000)
[2840 ms] [elf] phdr[2] LOAD vaddr=0x0000000000406000 memsz=0x1d8 filesz=0x80 flags=RW- U -> pages [0x0000000000406000..0x0000000000407000)
[2840 ms] [elf] load OK (user): type=ET_EXEC, 3 segment(s), base=0x0000000000000000, entry=0x0000000000400000, phdr=0x0000000000000000 (3 entries)
[2850 ms] [proc] created pid=2 ppid=0 'fscheck-boot' entry=0x0000000000400000 rsp=0x00007fffffffff10 cr3=0x5b6000 kstack=0xffffd000004dd1b0 argc=3 envc=1 cwd='/'
M28E_FSCHECK: path=/data fs_type=tobyfs status=OK errors_found=0 errors_repaired=0 total_bytes=4194304 free_bytes=3977216
M28E_FSCHECK: detail=""
M28E_FSCHECK: PASS
[_exit] code=0 caller=0x0000000000400e34
[2880 ms] [sys_exit] user requested exit, code=0 (0x0)
[2880 ms] [proc] pid=2 'fscheck-boot' exit code=0 (0x0) cpu=11 ms syscalls=21
[2880 ms] [proc] reaped pid=2, slot recycled
[2880 ms] [boot] M28E: /bin/fscheck (pid=2) exit=0 (PASS)
[2880 ms] [elf] phdr[0] LOAD vaddr=0x0000000000400000 memsz=0x45b2 filesz=0x45b2 flags=R-X U -> pages [0x0000000000400000..0x0000000000405000)
[2880 ms] [elf] phdr[1] LOAD vaddr=0x0000000000405000 memsz=0xd38 filesz=0xd38 flags=R-- U -> pages [0x0000000000405000..0x0000000000406000)
[2880 ms] [elf] phdr[2] LOAD vaddr=0x0000000000406000 memsz=0x1d8 filesz=0x80 flags=RW- U -> pages [0x0000000000406000..0x0000000000407000)
[2890 ms] [elf] load OK (user): type=ET_EXEC, 3 segment(s), base=0x0000000000000000, entry=0x0000000000400000, phdr=0x0000000000000000 (3 entries)
[2890 ms] [proc] created pid=2 ppid=0 'services-boot' entry=0x0000000000400000 rsp=0x00007fffffffff20 cr3=0x5b6000 kstack=0xffffd000004dd1b0 argc=2 envc=1 cwd='/'
M28F_SERVICES: name=input state=running kind=builtin pid=0 rcnt=0 ccnt=0 last_exit=0 backoff_until_ms=0
M28F_SERVICES: name=network state=running kind=builtin pid=0 rcnt=0 ccnt=0 last_exit=0 backoff_until_ms=0
M28F_SERVICES: name=desktop state=running kind=builtin pid=0 rcnt=0 ccnt=0 last_exit=0 backoff_until_ms=0
M28F_SERVICES: name=session state=running kind=builtin pid=0 rcnt=0 ccnt=0 last_exit=0 backoff_until_ms=0
M28F_SERVICES: name=login state=running kind=program pid=1 rcnt=1 ccnt=0 last_exit=0 backoff_until_ms=0
M28F_SERVICES: PASS (registry has 5 records, no crash test)
[_exit] code=0 caller=0x0000000000400ed4
[2890 ms] [sys_exit] user requested exit, code=0 (0x0)
[2890 ms] [proc] pid=2 'services-boot' exit code=0 (0x0) cpu=3 ms syscalls=91
[2890 ms] [proc] reaped pid=2, slot recycled
[2890 ms] [boot] M28F: /bin/services (pid=2) exit=0 (PASS)
[2890 ms] [elf] phdr[0] LOAD vaddr=0x0000000000400000 memsz=0x4987 filesz=0x4987 flags=R-X U -> pages [0x0000000000400000..0x0000000000405000)
[2890 ms] [elf] phdr[1] LOAD vaddr=0x0000000000405000 memsz=0xdf0 filesz=0xdf0 flags=R-- U -> pages [0x0000000000405000..0x0000000000406000)
[2900 ms] [elf] phdr[2] LOAD vaddr=0x0000000000406000 memsz=0x1d8 filesz=0x80 flags=RW- U -> pages [0x0000000000406000..0x0000000000407000)
[2900 ms] [elf] load OK (user): type=ET_EXEC, 3 segment(s), base=0x0000000000000000, entry=0x0000000000400000, phdr=0x0000000000000000 (3 entries)
[2900 ms] [proc] created pid=2 ppid=0 'stabilitytest-boot' entry=0x0000000000400000 rsp=0x00007fffffffff20 cr3=0x5b6000 kstack=0xffffd000004dd1b0 argc=2 envc=1 cwd='/'
M28G_STAB: probe=boot verdict=PASS
M28G_STAB: probe=log verdict=PASS
M28G_STAB: probe=panic verdict=PASS
M28G_STAB: probe=watchdog verdict=PASS
M28G_STAB: probe=filesystem verdict=PASS
M28G_STAB: probe=services verdict=PASS
M28G_STAB: probe=gui verdict=PASS
M28G_STAB: probe=terminal verdict=PASS
M28G_STAB: probe=network verdict=PASS
M28G_STAB: probe=input verdict=PASS
M28G_STAB: probe=safe_mode verdict=PASS
M28G_STAB: probe=display verdict=PASS
M28G_STAB: detail=boot:normal log:emit=29 drop=0 panic:ready wdog:age=0/to=10000 fs:ok i=20/256 b=42/1013 svc:n=5 bad=0 gui:active term:ok net:up input:up safe:ready disp:1 
M28G_STAB: stress=skipped safe_mode=0 boot_ms=2248
M28G_STAB: PASS pass=12 fail=0
[_exit] code=0 caller=0x00000000004011d4
[2940 ms] [sys_exit] user requested exit, code=0 (0x0)
[2940 ms] [proc] pid=2 'stabilitytest-boot' exit code=0 (0x0) cpu=16 ms syscalls=78
[2940 ms] [proc] reaped pid=2, slot recycled
[2950 ms] [boot] M28G: /bin/stabilitytest --boot pid=2 exit=0 (PASS)
[2950 ms] [2950] INFO  kernel   pid=0: M28G stability self-test PASS (pid=2)
[3560 ms] [bootlog] wrote /data/boot.log (60000 bytes payload + 72 header)
[3560 ms] [bootlog] no FAT32 USB at /usb — skipping BOOTLOG.TXT
[3560 ms] [bootlog] flush complete (ram cap=262144 overflow=0)
[3560 ms] [trace t=356 pid=0] [3560 ms] heartbeat windows=1 apps_alive=1 cursor=(640,400) btn=0x00 dirty=1 menu=0 desktop=1[3560 ms] 
[3570 ms] [bootlog] net upload: sent 104666 bytes to 192.168.68.74:40123/udp
[3570 ms] [bootlog] (deferred) no FAT32 USB at /usb — skipping BOOTLOG.TXT
[3570 ms] [bootlog] deferred USB flush done (ram cap=262144 overflow=0)
[4560 ms] [trace t=456 pid=0] [4560 ms] heartbeat windows=1 apps_alive=1 cursor=(640,400) btn=0x00 dirty=0 menu=0 desktop=1[4560 ms] 
[5560 ms] [trace t=556 pid=0] [5560 ms] heartbeat windows=1 apps_alive=1 cursor=(640,400) btn=0x00 dirty=0 menu=0 desktop=1[5560 ms] 
[6210 ms] [trace t=621 pid=0] [6210 ms] toast id=2 expired[6210 ms] 
[6210 ms] [trace t=621 pid=0] [6210 ms] toast new id=8 urg=1 app='hotplug' title='Device removed: selftest-detach'[6210 ms] 
[6560 ms] [trace t=656 pid=0] [6560 ms] heartbeat windows=1 apps_alive=1 cursor=(640,400) btn=0x00 dirty=0 menu=0 desktop=1[6560 ms] 
[7560 ms] [trace t=756 pid=0] [7560 ms] heartbeat windows=1 apps_alive=1 cursor=(640,400) btn=0x00 dirty=0 menu=0 desktop=1[7560 ms] 
[8560 ms] [trace t=856 pid=0] [8560 ms] heartbeat windows=1 apps_alive=1 cursor=(640,400) btn=0x00 dirty=0 menu=0 desktop=1[8560 ms] 
[9560 ms] [trace t=956 pid=0] [9560 ms] heartbeat windows=1 apps_alive=1 cursor=(640,400) btn=0x00 dirty=0 menu=0 desktop=1[9560 ms] 
[10210 ms] [trace t=1021 pid=0] [10210 ms] toast id=8 expired[10210 ms] 
[10210 ms] [trace t=1021 pid=0] [10210 ms] toast new id=7 urg=0 app='hotplug' title='Device attached: selftest-attach'[10210 ms] 
[10280 ms] [tcp] SYN rx tcp[3] lp=1234 rp=65101 seq=2240001 -> SYN_RECEIVED
[10280 ms] [tcp] SYN/ACK tx tcp[3] iss=1910422711 ack=2240002
[10280 ms] [tcp] ESTABLISHED passive tcp[3] lp=1234 rp=65101
[10290 ms] [tcp-echo] accepted new connection
[10300 ms] [tcp] payload rx tcp[3] len=8 seq=2240002 new_rcv_nxt=2240010
[10300 ms] [tcp-echo] rx 8 bytes
[10310 ms] [tcp] FIN rx tcp[3] state=ESTABLISHED seq=2240010
[10310 ms] [tcp-echo] recv closed/error; closing client
[10560 ms] [trace t=1056 pid=0] [10560 ms] heartbeat windows=1 apps_alive=1 cursor=(640,400) btn=0x00 dirty=0 menu=0 desktop=1[10560 ms] 
