[------] [boot] serial up
[------] [0] INFO  slog    : slog ready (depth=256, persist=/data/system.log)
[------] [0] INFO  boot    : tobyOS boot sequence started
[------] [boot] framebuffer: 1280x800 pitch=5120 bpp=32 addr=0xffff8000fd000000
[------] [boot] console up
[------] [gdt] loaded: base=0xffffffff800eb6a0 limit=55 entries=7
[------] [gdt] CS=0x08 DS=0x10 (expected CS=0x08 DS=0x10)
[------] [gdt] user CS=0x23 DS=0x1b  TSS sel=0x28 (TSS slot empty until tss_init)
[------] [idt] loaded: base=0xffffffff800eb6f0 limit=4095 (256 gates wired)
[------] [boot] firing int3 to exercise IDT round-trip...
[------] [isr] breakpoint hit at rip=0xffffffff8000109f (rflags=0x82)
[------] [boot] int3 returned cleanly, IDT round-trip OK
[------] [0] INFO  wdog    : watchdog ready (timeout=10000 ms)
[0 ms] [pit] channel 0 -> 100 Hz (divisor=11931)
[0 ms] [kbd] PS/2 driver up (IRQ1 enabled + unmasked)
[10 ms] [boot] interrupts enabled (IRQ0 timer + IRQ1 keyboard, via legacy PIC for early boot)
[70 ms] [perf] TSC calibrated: 4383 MHz (219152769 cycles in 50000000 ns)
[70 ms] [boot] HHDM offset = 0xffff800000000000
[70 ms] [pmm] Limine memmap (19 entries):
[70 ms]   0x0000000000001000..0x0000000000061000       384 KiB  bootloader
[70 ms]   0x0000000000061000..0x000000000009f000       248 KiB  usable
[70 ms]   0x000000000009fc00..0x00000000000a0000         1 KiB  reserved
[70 ms]   0x00000000000f0000..0x0000000000100000        64 KiB  reserved
[70 ms]   0x0000000000100000..0x00000000076c2000    120584 KiB  usable
[70 ms]   0x00000000076c2000..0x0000000007ac2000      4096 KiB  kernel
[70 ms]   0x0000000007ac2000..0x0000000007ac3000         4 KiB  bootloader
[70 ms]   0x0000000007ac3000..0x0000000007c85000      1800 KiB  kernel
[70 ms]   0x0000000007c85000..0x0000000007c86000         4 KiB  bootloader
[70 ms]   0x0000000007c86000..0x0000000007c89000        12 KiB  usable
[70 ms]   0x0000000007c89000..0x0000000007c8f000        24 KiB  bootloader
[70 ms]   0x0000000007c8f000..0x0000000007e87000      2016 KiB  kernel
[70 ms]   0x0000000007e87000..0x0000000007f4b000       784 KiB  bootloader
[70 ms]   0x0000000007f4b000..0x0000000007f6a000       124 KiB  usable
[70 ms]   0x0000000007f6a000..0x0000000007fe0000       472 KiB  bootloader
[70 ms]   0x0000000007fe0000..0x0000000008000000       128 KiB  reserved
[70 ms]   0x00000000fd000000..0x00000000fd3e8000      4000 KiB  framebuffer
[70 ms]   0x00000000fffc0000..0x0000000100000000       256 KiB  reserved
[70 ms]   0x000000fd00000000..0x0000010000000000  12582912 KiB  reserved
[70 ms] [pmm] managed:  32618 pages (127 MiB) up to 0x0000000007f6a000
[70 ms] [pmm] usable:   120968 KiB across 19 regions
[70 ms] [pmm] bitmap:   4078 bytes at phys 0x0000000000061000 (virt 0xffff800000061000), 1 pages
[80 ms] [pmm] free:     30241 pages (118 MiB) -- used: 2377 pages
[80 ms] [pmm] test: allocated 0x0000000000062000 0x0000000000063000 0x0000000000064000 0x0000000000065000 (free now=30237)
[80 ms] [pmm] test: read-back a=0xdeadbeefcafebabe d=0x1122334455667788
[80 ms] [pmm] test: alloc/free balanced (free=30241 before & after)
[80 ms] [boot] reserved AP trampoline page at phys 0x0000000000070000
[80 ms] [vmm] kernel image: virt 0xffffffff80000000..0xffffffff801f8000 -> phys 0x0000000007c8f000 (2016 KiB)
[80 ms] [vmm] hhdm mirror:  132 MiB across memmap, top phys 0x00000000fd400000, 2M pages
[80 ms] [vmm] new PML4 at phys 0x0000000000062000, switching CR3...
[80 ms] [vmm] CR3 switched. Running on tobyOS page tables.
[80 ms] [vmm] test: __text_start 0xffffffff80001000 -> phys 0x0000000007c90000
[80 ms] [vmm] test: __data_start 0xffffffff800aa000 -> phys 0x0000000007d39000
[80 ms] [vmm] test: HHDM r/w through new PML4 at phys 0x0000000000069000 OK
[80 ms] [vmm] test: new mapping at 0xffffc00000000000 <-> phys 0x0000000000069000 verified
[80 ms] [vmm] test: unmap clears translation, scratch page freed
[80 ms] [vmm] test: ok
[80 ms] [heap] up: initial arena 17 pages (67 KiB)
[80 ms] [heap] start: arenas=1 total=69600 used=0 free=69600  brk=0xffffd00000011000 (region 0xffffd00000000000..0xffffd10000000000)
[80 ms] [heap] after 8 allocs: arenas=2 used=85616 free=65872 allocs=8
[80 ms] [heap] after 8 frees: arenas=2 used=0 free=151488 frees=8
[80 ms] [heap] test: ok (region OK, fragmented 80 KiB alloc OK, round-trip balanced, kcalloc zero-verified)
[80 ms] [heap] brk now 0xffffd00000025000 (148 KiB virt consumed)
[80 ms] [tss] installed: tss=0xffffffff801024c0 rsp0=0xffffffff801024c0 (irq stack 16 KiB)
[90 ms] [sys] EFER.SCE on, STAR=0x0010000800000000, LSTAR=0xffffffff80085684, FMASK=0x700
[90 ms] [sys] kernel syscall rsp = 0xffffffff801024c0
[90 ms] [sys] available syscalls: 0=exit  1=write  2=read  3=pipe  4=close  5=yield
[90 ms] [sys]                     6=socket 7=bind 8=sendto 9=recvfrom
[90 ms] [sys]                     10=gui_create 11=gui_fill 12=gui_text 13=gui_flip 14=gui_poll_event
[90 ms] [sys]                     15=term_open 16=term_write 17=term_read 18=fs_readdir 19=fs_readfile 20=exec
[90 ms] [sys]                     21=setting_get 22=setting_set 23=login 24=logout 25=session_info
[90 ms] [sys]                     26=getuid 27=getgid 28=username 29=chmod 30=chown
[90 ms] [sys]   M25A: 31=getpid 32=getppid 33=spawn 34=waitpid 35=open 36=lseek 37=stat 38=fstat
[90 ms] [sys]         39=dup 40=dup2 41=unlink 42=mkdir 43=brk 44=getcwd 45=chdir 46=getenv
[90 ms] [sys]         47=nanosleep 48=clock_ms 49=abi_version (ABI v1)
[90 ms] [acpi] using RSDT @ 0x0000000007fe244c (entries=4)
[90 ms] [acpi] MADT: lapic_phys (32-bit field) = 0x00000000fee00000, legacy_pic=yes
[90 ms] [acpi]   CPU0: acpi_id=0 apic_id=0 flags=0x1 enabled 
[90 ms] [acpi]   CPU1: acpi_id=1 apic_id=1 flags=0x1 enabled 
[90 ms] [acpi]   CPU2: acpi_id=2 apic_id=2 flags=0x1 enabled 
[90 ms] [acpi]   CPU3: acpi_id=3 apic_id=3 flags=0x1 enabled 
[90 ms] [acpi]   IOAPIC 0: mmio=0x00000000fec00000 gsi_base=0
[90 ms] [acpi]   ISO: ISA IRQ0 -> GSI 2 (flags=0x0)
[90 ms] [acpi]   ISO: ISA IRQ5 -> GSI 5 (flags=0xd)
[90 ms] [acpi]   ISO: ISA IRQ9 -> GSI 9 (flags=0xd)
[90 ms] [acpi]   ISO: ISA IRQ10 -> GSI 10 (flags=0xd)
[90 ms] [acpi]   ISO: ISA IRQ11 -> GSI 11 (flags=0xd)
[90 ms] [acpi]   LAPIC NMI: acpi_proc=255 lint=1 flags=0x0
[90 ms] [acpi] enumerated 4 CPU(s) (SMP), 1 IO APIC(s), 5 override(s), 1 NMI source(s)
[90 ms] [acpi] FADT: pm1a_cnt=0x604 pm1b_cnt=0x0 smi_cmd=0xb2 acpi_enable=0xf1 sci_int=9
[90 ms] [acpi] FADT: reset_reg not supported (flags=0x80a5)
[90 ms] [acpi] DSDT _S5_: SLP_TYPa=0 SLP_TYPb=0 (DSDT 8872 bytes)
[100 ms] [acpi] AML inventory: dsdt=8836 bytes, 0 SSDT(s)
[100 ms] [apic] BSP local APIC: phys=0x00000000fee00000 virt=0xffffd20000000000 id=0 ver=0x14
[100 ms] [apic] SVR=0x1ff  spurious_vec=0xff  timer_vec=0x40 (masked)
[110 ms] [apic] timer calibrated: ~7809800 ticks/10ms (~780980 kHz, ~780980000 Hz/sec)
[110 ms] [ioapic] chip 0: phys=0x00000000fec00000 virt=0xffffd20000010000 gsi=[0..23] ver=0x20 entries=24
[110 ms] [irq]   re-route ISA IRQ 0 -> GSI 2 vec=0x20 edge/ahigh
[110 ms] [irq]   re-route ISA IRQ 1 (identity, edge/ahigh) -> vec=0x21
[110 ms] [irq] facade: switched to IO APIC mode (2 IRQs re-routed)
[110 ms] [pci] enumerating bus 0...
[110 ms] [pci] 6 device(s):
[110 ms] [pci] 00:00.0  8086:1237  bridge.host       [110 ms] 
[110 ms] [pci] 00:01.0  8086:7000  bridge.isa        [110 ms] 
[110 ms] [pci] 00:01.1  8086:7010  storage.ide       [110 ms]   BAR4 io 16[110 ms] 
[120 ms] [pci] 00:01.3  8086:7113  bridge            [120 ms]   IRQ 9[120 ms] 
[130 ms] [pci] 00:02.0  1234:1111  display.vga       [130 ms]   BAR0 mem 16384K[130 ms]   BAR2 mem 4K[130 ms] 
[140 ms] [pci] 00:03.0  8086:100e  network.ethernet  [140 ms]   IRQ 11[140 ms]   BAR0 mem 128K[140 ms]   BAR1 io 64[140 ms] 
[150 ms] [ata] primary master: 32768 sectors (16384 KiB) -- PIO LBA28 (PCI 00:01.1)
[160 ms] [blk] registered 'ide0:master' [disk] (32768 sectors, 16384 KiB)
[160 ms] [pci] driver blk_ata  bound to 00:01.1  (8086:7010) strat=generic
[170 ms] [e1000] probing 00:03.0  (vid:did 8086:100e)
[180 ms] [e1000] MMIO BAR0 phys=0x00000000febc0000 virt=0xffff8000febc0000 (128 KiB UC)
[180 ms] [e1000] MAC 52:54:00:12:34:56
[200 ms] [e1000] RX live RDBAL=0x00099000 RDLEN=512 RDT=31 RCTL=0x0400800a
[200 ms] [e1000] no MSI cap -- staying polled (vec 0x50 is now idle)
[210 ms] [net] +nic e1000:00:03.0 mac=52:54:00:12:34:56 (slot 0)
[220 ms] [pci] driver e1000    bound to 00:03.0  (8086:100e) strat=exact
[230 ms] [pci] bind complete -- 2 of 6 device(s) bound  (2 newly this pass)
[230 ms] [blk] 1 device(s) registered:
[240 ms]   [0] ide0:master          disk    32768 sectors ( 16384 KiB)
[250 ms] [net] 1 nic(s) registered:
[260 ms]   [0]* e1000:00:03.0 mac=52:54:00:12:34:56
[260 ms] [boot] Limine modules (2):
[270 ms]   [0] /boot/initrd.tar  size=1843200  addr=0xffff800007ac3000
[280 ms]   [1] /boot/install.img  size=4194304  addr=0xffff8000076c2000
[280 ms] [initrd] using '/boot/initrd.tar' (size=1843200, addr=0xffff800007ac3000)
[290 ms] [ramfs] mounted: 77 entries from 1843200-byte tar at 0xffff800007ac3000
[300 ms]   - bin/hello                         8848 B  data@0xffff800007ac3200
[310 ms]   - bin/bad                           8800 B  data@0xffff800007ac5800
[310 ms]   - bin/echo                          13032 B  data@0xffff800007ac7e00
[320 ms]   - bin/cat                           8864 B  data@0xffff800007acb400
[330 ms]   - bin/long_task                     8864 B  data@0xffff800007acda00
[330 ms]   - bin/netecho                       17232 B  data@0xffff800007ad0000
[340 ms]   - bin/gui_demo                      13080 B  data@0xffff800007ad4600
[350 ms]   - bin/gui_clock                     13032 B  data@0xffff800007ad7c00
[360 ms]   - bin/gui_widgets                   13672 B  data@0xffff800007adb200
[360 ms]   - bin/gui_about                     13632 B  data@0xffff800007adea00
[370 ms]   - bin/gui_term                      13232 B  data@0xffff800007ae2200
[380 ms]   - bin/gui_files                     13624 B  data@0xffff800007ae5800
[390 ms]   - bin/gui_viewer                    13304 B  data@0xffff800007ae9000
[390 ms]   - bin/login                         13664 B  data@0xffff800007aec600
[400 ms]   - bin/gui_settings                  13760 B  data@0xffff800007aefe00
[410 ms]   - bin/abi_test                      13064 B  data@0xffff800007af3600
[420 ms]   - bin/c_hello                       29648 B  data@0xffff800007af6c00
[420 ms]   - bin/c_args                        29648 B  data@0xffff800007afe200
[430 ms]   - bin/c_filedemo                    33744 B  data@0xffff800007b05800
[440 ms]   - bin/c_alloctest                   33744 B  data@0xffff800007b0de00
[440 ms]   - bin/c_envtest                     34104 B  data@0xffff800007b16400
[450 ms]   - bin/c_dynhello                    3328 B  data@0xffff800007b1ec00
[460 ms]   - bin/devlist                       34328 B  data@0xffff800007b1fc00
[470 ms]   - bin/drvtest                       34328 B  data@0xffff800007b28600
[470 ms]   - bin/usbtest                       38808 B  data@0xffff800007b31000
[480 ms]   - bin/audiotest                     34328 B  data@0xffff800007b3aa00
[490 ms]   - bin/batterytest                   34328 B  data@0xffff800007b43400
[490 ms]   - bin/displayinfo                   34328 B  data@0xffff800007b4be00
[500 ms]   - bin/drawtest                      34472 B  data@0xffff800007b54800
[510 ms]   - bin/rendertest                    42984 B  data@0xffff800007b5d200
[520 ms]   - bin/fonttest                      33808 B  data@0xffff800007b67c00
[530 ms]   - bin/logview                       34168 B  data@0xffff800007b70400
[530 ms]   - bin/crashinfo                     33776 B  data@0xffff800007b78c00
[540 ms]   - bin/wdogtest                      33864 B  data@0xffff800007b81200
[550 ms]   - bin/safesh                        34256 B  data@0xffff800007b89a00
[550 ms]   - bin/fscheck                       33864 B  data@0xffff800007b92200
[560 ms]   - bin/services                      33936 B  data@0xffff800007b9aa00
[570 ms]   - bin/svc_crasher                   29648 B  data@0xffff800007ba3200
[570 ms]   - bin/stabilitytest                 33992 B  data@0xffff800007baa800
[580 ms]   - bin/hwinfo                        34320 B  data@0xffff800007bb3000
[590 ms]   - bin/drvmatch                      43168 B  data@0xffff800007bbba00
[600 ms]   - bin/hwcompat                      34360 B  data@0xffff800007bc6600
[600 ms]   - bin/hwreport                      38520 B  data@0xffff800007bcf000
[610 ms]   - bin/compattest                    51912 B  data@0xffff800007bd8a00
[620 ms]   - bin/tobycc                        33888 B  data@0xffff800007be5800
[630 ms]   - bin/tobybuild                     34008 B  data@0xffff800007bee000
[630 ms]   - bin/selfhosttest                  34008 B  data@0xffff800007bf6800
[640 ms]   - bin/p_echo                        34112 B  data@0xffff800007bff000
[650 ms]   - bin/p_cat                         34112 B  data@0xffff800007c07800
[650 ms]   - bin/p_wc                          34472 B  data@0xffff800007c10000
[660 ms]   - bin/p_head                        34456 B  data@0xffff800007c18a00
[670 ms]   - bin/p_ls                          34704 B  data@0xffff800007c21400
[680 ms]   - bin/p_grep                        34600 B  data@0xffff800007c29e00
[680 ms]   - lib/ld-toby.so                    5672 B  data@0xffff800007c32800
[690 ms]   - lib/libtoby.so                    47752 B  data@0xffff800007c34200
[700 ms]   - repo/helloapp.tpkg                14262 B  data@0xffff800007c40000
[710 ms]   - repo/helloapp_v2.tpkg             14319 B  data@0xffff800007c43a00
[710 ms]   - repo/helloapp_corrupt.tpkg        14261 B  data@0xffff800007c47400
[720 ms]   - repo/helloapp_badhash.tpkg        14262 B  data@0xffff800007c4ae00
[730 ms]   - repo/helloapp_nohash.tpkg         14005 B  data@0xffff800007c4e800
[730 ms]   - repo/helloapp_badfhash.tpkg       14263 B  data@0xffff800007c52200
[740 ms]   - repo/helloapp_v2_corrupt.tpkg     14318 B  data@0xffff800007c55c00
[750 ms]   - repo/helloapp_signed.tpkg         14339 B  data@0xffff800007c59600
[760 ms]   - repo/helloapp_signed_unknown.tpkg  14336 B  data@0xffff800007c5d200
[770 ms]   - repo/helloapp_signed_tampered.tpkg  14084 B  data@0xffff800007c60c00
[770 ms]   - repo/helloapp_caps_ro.tpkg        14271 B  data@0xffff800007c64600
[780 ms]   - system/keys/trust.db              196 B  data@0xffff800007c68000
[790 ms]   - repo/hello_cli.tpkg               29863 B  data@0xffff800007c68400
[800 ms]   - repo/hello_gui.tpkg               34662 B  data@0xffff800007c6fc00
[800 ms]   - repo/notes_app.tpkg               39611 B  data@0xffff800007c78600
[810 ms]   - etc/motd                          297 B  data@0xffff800007c82400
[820 ms]   - etc/drvmatch.conf                 1306 B  data@0xffff800007c82800
[820 ms]   - etc/drvmatch.conf.test            456 B  data@0xffff800007c83000
[830 ms]   - m36/m36_part2.c                   222 B  data@0xffff800007c83400
[840 ms]   - m36/m36_sample.c                  100 B  data@0xffff800007c83800
[850 ms]   - m36/Tobyfile                      152 B  data@0xffff800007c83c00
[850 ms]   - readme.txt                        922 B  data@0xffff800007c84000
[860 ms] [safe] no safemode flag -- normal boot
[870 ms] [870] INFO  safe    : boot mode = normal (level=0)
[880 ms] [safe] policy: mode=normal level=0 boot_mode=0
[880 ms] [safe] policy: usb_full=keep usb_extra=keep net=keep audio=keep gui=keep services=keep virtio_gpu=keep
[890 ms] [890] INFO  hw      : hwinfo: cpu='QEMU TCG CPU version 2.5+' family=6 model=6 step=3 feat=0xf6000271
[900 ms] [drvmatch] init: total=6 bound=2 unbound=4 forced_off=0
[910 ms] [910] INFO  hw      : drvmatch init: total=6 bound=2 unbound=4 forced=0
[920 ms] [drvconf] loaded /etc/drvmatch.conf: blacklist=0 force=0 errors=0
[920 ms] [920] INFO  hw      : drvconf load: blacklist=0 force=0 errors=0
[930 ms] [drvconf] === active overrides ===
[940 ms] [drvconf] (none)
[970 ms] [tobyfs] mount of '/data' clean: inodes=20/256 blocks=42/1013
[980 ms] [980] INFO  fs      : mount /data clean (i=20/256 b=42/1013)
[980 ms] [tobyfs] mounted '/data' on ide0:master: 20/255 inodes, 42/1013 data blocks (3884 KiB free)
[990 ms] [boot] mounted /data on whole disk 'ide0:master' (legacy LBA-0 layout)
[1000 ms] [1000] ERROR wdog    : event #1 kind=sched_stall pid=-1 reason='scheduler heartbeat stalled'
[1000 ms] [wdog] BITE event=1 kind=sched_stall pid=-1 reason='scheduler heartbeat stalled'
[1010 ms] [boot] no FAT32 partition discovered -- /fat unmounted
[1020 ms] [boot] no FAT32-on-USB discovered -- /usb unmounted
[1030 ms] [boot] no ext4 partition discovered -- /ext unmounted
[1030 ms] [installer] live install image registered: 4194304 bytes @ 0xffff8000076c2000
[1040 ms] [vfs] mount table (2 entries):
[1050 ms]   /            -> ops=0xffffffff800a4920 mnt=0xffffffff80116fd0
[1060 ms]   /data        -> ops=0xffffffff800a4ed0 mnt=0xffffd00000013e00
[1060 ms] [proc] table initialised (16 slots), pid 0 = 'kernel_main' RUNNING
[1070 ms] [sched] per-CPU round-robin scheduler ready (BSP cur=pid 0)
[1080 ms] [signal] subsystem up (SIGINT=2, SIGTERM=15)
[1090 ms] [boot] spawning first userspace process from /bin/hello...
[1090 ms] [elf] phdr[0] LOAD vaddr=0x0000000000400000 memsz=0x34 filesz=0x34 flags=R-X U -> pages [0x0000000000400000..0x0000000000401000)
[1100 ms] [elf] phdr[1] LOAD vaddr=0x0000000000401000 memsz=0x45 filesz=0x45 flags=R-- U -> pages [0x0000000000401000..0x0000000000402000)
[1110 ms] [elf] load OK (user): type=ET_EXEC, 2 segment(s), base=0x0000000000000000, entry=0x0000000000400000, phdr=0x0000000000000000 (2 entries)
[1120 ms] [proc] created pid=1 ppid=0 'hello-boot' entry=0x0000000000400000 rsp=0x00007fffffffff50 cr3=0x13c000 kstack=0xffffd0000001e020 argc=0 envc=0 cwd='/'
hello from user mode
user_hello: about to SYS_EXIT(0x55)
[1140 ms] [sys_exit] user requested exit, code=85 (0x55)
[1150 ms] [proc] pid=1 'hello-boot' exit code=85 (0x55) cpu=0 ms syscalls=3
[1160 ms] [proc] reaped pid=1, slot recycled
[1160 ms] [boot] /bin/hello (pid=1) finished, exit code=85 (0x55)
[1170 ms] [elf] phdr[0] LOAD vaddr=0x0000000000400000 memsz=0xd22 filesz=0xd22 flags=R-X U -> pages [0x0000000000400000..0x0000000000401000)
[1180 ms] [elf] phdr[1] LOAD vaddr=0x0000000000401000 memsz=0x374 filesz=0x374 flags=R-- U -> pages [0x0000000000401000..0x0000000000402000)
[1190 ms] [elf] phdr[2] LOAD vaddr=0x0000000000402000 memsz=0x18 filesz=0x18 flags=RW- U -> pages [0x0000000000402000..0x0000000000403000)
[1200 ms] [elf] load OK (user): type=ET_EXEC, 3 segment(s), base=0x0000000000000000, entry=0x0000000000400000, phdr=0x0000000000000000 (3 entries)
[1200 ms] [proc] created pid=1 ppid=0 'abi-test-boot' entry=0x0000000000400000 rsp=0x00007fffffffff50 cr3=0x13c000 kstack=0xffffd0000001e020 argc=0 envc=0 cwd='/'
[abi-test] starting Milestone 25A ABI surface check
[abi-test] argc = 0
[abi-test] abi_version = 1
[abi-test] pid = 1
[abi-test] ppid = 0
[abi-test] clock_ms_delta = 1
[abi-test] cwd_len = 1
[abi-test] cwd = /
[abi-test] brk_initial = 268435456
[abi-test] brk_after_grow = 268451840
[abi-test] heap pages writable + zero-initialised OK
[abi-test] open_fd = 3
[abi-test] write_bytes = 10
[abi-test] lseek_set = 0
[abi-test] read_bytes = 10
[abi-test] fstat_rc = 0
[abi-test] fstat_size = 10
[abi-test] fstat_mode = 33188
[abi-test] stat_rc = 0
[abi-test] stat_size = 10
[abi-test] dup_fd = 4
[abi-test] dup2_fd = 9
[abi-test] unlink_rc = 0
[abi-test] chdir_rc = 0
[abi-test] new cwd = /data/abi_test_dir
[abi-test] getenv_PATH_rc = 0
[abi-test] ALL OK
[1510 ms] [sys_exit] user requested exit, code=0 (0x0)
[1510 ms] [proc] pid=1 'abi-test-boot' exit code=0 (0x0) cpu=0 ms syscalls=152
[1520 ms] [proc] reaped pid=1, slot recycled
[1530 ms] [boot] M25A: /bin/abi_test (pid=1) finished, exit code=0 (PASS)
[1540 ms] [elf] phdr[0] LOAD vaddr=0x0000000000400000 memsz=0x3ed6 filesz=0x3ed6 flags=R-X U -> pages [0x0000000000400000..0x0000000000404000)
[1550 ms] [elf] phdr[1] LOAD vaddr=0x0000000000404000 memsz=0x7d0 filesz=0x7d0 flags=R-- U -> pages [0x0000000000404000..0x0000000000405000)
[1560 ms] [elf] phdr[2] LOAD vaddr=0x0000000000405000 memsz=0x1cc filesz=0x80 flags=RW- U -> pages [0x0000000000405000..0x0000000000406000)
[1560 ms] [elf] load OK (user): type=ET_EXEC, 3 segment(s), base=0x0000000000000000, entry=0x0000000000400000, phdr=0x0000000000000000 (3 entries)
[1570 ms] [proc] created pid=1 ppid=0 'c_hello-boot' entry=0x0000000000400000 rsp=0x00007fffffffff50 cr3=0x13c000 kstack=0xffffd0000001e020 argc=0 envc=0 cwd='/'
[c_hello] hello from libtoby (argc=0)
[c_hello] ALL OK
[_exit] code=0 caller=0x0000000000400124
[1600 ms] [sys_exit] user requested exit, code=0 (0x0)
[1610 ms] [proc] pid=1 'c_hello-boot' exit code=0 (0x0) cpu=0 ms syscalls=6
[1610 ms] [proc] reaped pid=1, slot recycled
[1620 ms] [boot] M25B: /bin/c_hello (pid=1) exit=0 (PASS)
[1630 ms] [elf] phdr[0] LOAD vaddr=0x0000000000400000 memsz=0x3fe6 filesz=0x3fe6 flags=R-X U -> pages [0x0000000000400000..0x0000000000404000)
[1640 ms] [elf] phdr[1] LOAD vaddr=0x0000000000404000 memsz=0x860 filesz=0x860 flags=R-- U -> pages [0x0000000000404000..0x0000000000405000)
[1650 ms] [elf] phdr[2] LOAD vaddr=0x0000000000405000 memsz=0x1cc filesz=0x80 flags=RW- U -> pages [0x0000000000405000..0x0000000000406000)
[1650 ms] [elf] load OK (user): type=ET_EXEC, 3 segment(s), base=0x0000000000000000, entry=0x0000000000400000, phdr=0x0000000000000000 (3 entries)
[1660 ms] [proc] created pid=1 ppid=0 'c_args-boot' entry=0x0000000000400000 rsp=0x00007fffffffff50 cr3=0x13c000 kstack=0xffffd0000001e020 argc=0 envc=0 cwd='/'
[c_args] argc=0
[c_args] envc=0
[c_args] getenv("HOME") = (unset)
[c_args] __toby_argc=0 __toby_argv=0x7fffffffff58 __toby_envp=0x7fffffffff60
[c_args] ALL OK
[_exit] code=0 caller=0x0000000000400234
[1710 ms] [sys_exit] user requested exit, code=0 (0x0)
[1720 ms] [proc] pid=1 'c_args-boot' exit code=0 (0x0) cpu=0 ms syscalls=21
[1730 ms] [proc] reaped pid=1, slot recycled
[1730 ms] [boot] M25B: /bin/c_args (pid=1) exit=0 (PASS)
[1740 ms] [elf] phdr[0] LOAD vaddr=0x0000000000400000 memsz=0x41a6 filesz=0x41a6 flags=R-X U -> pages [0x0000000000400000..0x0000000000405000)
[1760 ms] [elf] phdr[1] LOAD vaddr=0x0000000000405000 memsz=0xa30 filesz=0xa30 flags=R-- U -> pages [0x0000000000405000..0x0000000000406000)
[1770 ms] [elf] phdr[2] LOAD vaddr=0x0000000000406000 memsz=0x1d8 filesz=0x80 flags=RW- U -> pages [0x0000000000406000..0x0000000000407000)
[1770 ms] [elf] load OK (user): type=ET_EXEC, 3 segment(s), base=0x0000000000000000, entry=0x0000000000400000, phdr=0x0000000000000000 (3 entries)
[1780 ms] [proc] created pid=1 ppid=0 'c_filedemo-boot' entry=0x0000000000400000 rsp=0x00007fffffffff50 cr3=0x13c000 kstack=0xffffd0000001e020 argc=0 envc=0 cwd='/'
[c_filedemo] file size = 45 bytes (expected 45)
[c_filedemo] readback first 45 chars: hello from c_filedemo
second lin...
[c_filedemo] ALL OK
[_exit] code=0 caller=0x0000000000400b64
[2010 ms] [sys_exit] user requested exit, code=0 (0x0)
[2010 ms] [proc] pid=1 'c_filedemo-boot' exit code=0 (0x0) cpu=0 ms syscalls=31
[2020 ms] [proc] reaped pid=1, slot recycled
[2030 ms] [boot] M25B: /bin/c_filedemo (pid=1) exit=0 (PASS)
[2040 ms] [elf] phdr[0] LOAD vaddr=0x0000000000400000 memsz=0x43f6 filesz=0x43f6 flags=R-X U -> pages [0x0000000000400000..0x0000000000405000)
[2060 ms] [elf] phdr[1] LOAD vaddr=0x0000000000405000 memsz=0x910 filesz=0x910 flags=R-- U -> pages [0x0000000000405000..0x0000000000406000)
[2060 ms] [elf] phdr[2] LOAD vaddr=0x0000000000406000 memsz=0x1cc filesz=0x80 flags=RW- U -> pages [0x0000000000406000..0x0000000000407000)
[2070 ms] [elf] load OK (user): type=ET_EXEC, 3 segment(s), base=0x0000000000000000, entry=0x0000000000400000, phdr=0x0000000000000000 (3 entries)
[2080 ms] [proc] created pid=1 ppid=0 'c_alloctest-boot' entry=0x0000000000400000 rsp=0x00007fffffffff50 cr3=0x13c000 kstack=0xffffd0000001e020 argc=0 envc=0 cwd='/'
[c_alloctest] ALL OK
[_exit] code=0 caller=0x0000000000400db4
[2110 ms] [sys_exit] user requested exit, code=0 (0x0)
[2120 ms] [proc] pid=1 'c_alloctest-boot' exit code=0 (0x0) cpu=0 ms syscalls=9
[2120 ms] [proc] reaped pid=1, slot recycled
[2130 ms] [boot] M25B: /bin/c_alloctest (pid=1) exit=0 (PASS)
[2140 ms] [boot] M25B: libtoby demos 4/4 PASS
[2150 ms] [elf] phdr[0] LOAD vaddr=0x0000000000400000 memsz=0x3fe6 filesz=0x3fe6 flags=R-X U -> pages [0x0000000000400000..0x0000000000404000)
[2160 ms] [elf] phdr[1] LOAD vaddr=0x0000000000404000 memsz=0x860 filesz=0x860 flags=R-- U -> pages [0x0000000000404000..0x0000000000405000)
[2170 ms] [elf] phdr[2] LOAD vaddr=0x0000000000405000 memsz=0x1cc filesz=0x80 flags=RW- U -> pages [0x0000000000405000..0x0000000000406000)
[2180 ms] [elf] load OK (user): type=ET_EXEC, 3 segment(s), base=0x0000000000000000, entry=0x0000000000400000, phdr=0x0000000000000000 (3 entries)
[2190 ms] [proc] created pid=1 ppid=0 'c_args-spec' entry=0x0000000000400000 rsp=0x00007ffffffffee0 cr3=0x13c000 kstack=0xffffd0000001e020 argc=4 envc=3 cwd='/'
[c_args] argc=4
[c_args]   argv[0] = "c_args"
[c_args]   argv[1] = "alpha"
[c_args]   argv[2] = "beta"
[c_args]   argv[3] = "gamma"
[c_args] envc=3
[c_args]   envp[0] = "PATH=/bin"
[c_args]   envp[1] = "TEST_PHASE=25C"
[c_args]   envp[2] = "BUILD=ok"
[c_args] getenv("HOME") = (unset)
[c_args] __toby_argc=4 __toby_argv=0x7ffffffffee8 __toby_envp=0x7fffffffff10
[c_args] ALL OK
[_exit] code=0 caller=0x0000000000400234
[2280 ms] [sys_exit] user requested exit, code=0 (0x0)
[2290 ms] [proc] pid=1 'c_args-spec' exit code=0 (0x0) cpu=0 ms syscalls=56
[2300 ms] [proc] reaped pid=1, slot recycled
[2300 ms] [boot] M25C: /bin/c_args (pid=1, argc=4 envc=3) exit=0 (PASS)
[2310 ms] [elf] phdr[0] LOAD vaddr=0x0000000000400000 memsz=0x4ae6 filesz=0x4ae6 flags=R-X U -> pages [0x0000000000400000..0x0000000000405000)
[2330 ms] [elf] phdr[1] LOAD vaddr=0x0000000000405000 memsz=0xde0 filesz=0xde0 flags=R-- U -> pages [0x0000000000405000..0x0000000000406000)
[2330 ms] [elf] phdr[2] LOAD vaddr=0x0000000000406000 memsz=0x1f8 filesz=0xa0 flags=RW- U -> pages [0x0000000000406000..0x0000000000407000)
[2340 ms] [elf] load OK (user): type=ET_EXEC, 3 segment(s), base=0x0000000000000000, entry=0x0000000000400000, phdr=0x0000000000000000 (3 entries)
[2350 ms] [proc] created pid=1 ppid=0 'c_envtest-boot' entry=0x0000000000400000 rsp=0x00007fffffffff00 cr3=0x13c000 kstack=0xffffd0000001e020 argc=1 envc=3 cwd='/'
[c_envtest][build] M25C-debug-rev3 alive
[c_envtest] argc=1 argv[0]='c_envtest'
[c_envtest] environ has 3 initial entries
[c_envtest] getenv(PATH) = /bin
[c_envtest][diag] BEFORE system
[c_envtest] system("c_hello") starting...
[2410 ms] [elf] phdr[0] LOAD vaddr=0x0000000000400000 memsz=0x3ed6 filesz=0x3ed6 flags=R-X U -> pages [0x0000000000400000..0x0000000000404000)
[2420 ms] [elf] phdr[1] LOAD vaddr=0x0000000000404000 memsz=0x7d0 filesz=0x7d0 flags=R-- U -> pages [0x0000000000404000..0x0000000000405000)
[2430 ms] [elf] phdr[2] LOAD vaddr=0x0000000000405000 memsz=0x1cc filesz=0x80 flags=RW- U -> pages [0x0000000000405000..0x0000000000406000)
[2440 ms] [elf] load OK (user): type=ET_EXEC, 3 segment(s), base=0x0000000000000000, entry=0x0000000000400000, phdr=0x0000000000000000 (3 entries)
[2450 ms] [proc] created pid=2 ppid=1 'c_hello' entry=0x0000000000400000 rsp=0x00007fffffffff30 cr3=0x153000 kstack=0xffffd00000008030 argc=1 envc=1 cwd='/'
[c_hello] hello from libtoby (argc=1)
[c_hello] ALL OK
[_exit] code=0 caller=0x0000000000400124
[2470 ms] [sys_exit] user requested exit, code=0 (0x0)
[2480 ms] [proc] pid=2 'c_hello' exit code=0 (0x0) cpu=0 ms syscalls=6
[2490 ms] [proc] reaped pid=2, slot recycled
[c_envtest][diag] AFTER system, sr=0
[c_envtest] system("c_hello") raw status=0x0
[c_envtest][diag] AFTER printf raw status
[c_envtest][diag] AFTER system EXPECTs
[c_envtest] recursive execvp test starting...
[2530 ms] [elf] phdr[0] LOAD vaddr=0x0000000000400000 memsz=0x4ae6 filesz=0x4ae6 flags=R-X U -> pages [0x0000000000400000..0x0000000000405000)
[2540 ms] [elf] phdr[1] LOAD vaddr=0x0000000000405000 memsz=0xde0 filesz=0xde0 flags=R-- U -> pages [0x0000000000405000..0x0000000000406000)
[2550 ms] [elf] phdr[2] LOAD vaddr=0x0000000000406000 memsz=0x1f8 filesz=0xa0 flags=RW- U -> pages [0x0000000000406000..0x0000000000407000)
[2560 ms] [elf] load OK (user): type=ET_EXEC, 3 segment(s), base=0x0000000000000000, entry=0x0000000000400000, phdr=0x0000000000000000 (3 entries)
[2560 ms] [proc] created pid=2 ppid=1 'c_envtest' entry=0x0000000000400000 rsp=0x00007fffffffff00 cr3=0x153000 kstack=0xffffd00000008030 argc=3 envc=1 cwd='/'
[c_envtest][build] M25C-debug-rev3 alive
[c_envtest] (child) execvp -> 'c_hello'
[2590 ms] [elf] phdr[0] LOAD vaddr=0x0000000000400000 memsz=0x3ed6 filesz=0x3ed6 flags=R-X U -> pages [0x0000000000400000..0x0000000000404000)
[2600 ms] [elf] phdr[1] LOAD vaddr=0x0000000000404000 memsz=0x7d0 filesz=0x7d0 flags=R-- U -> pages [0x0000000000404000..0x0000000000405000)
[2600 ms] [elf] phdr[2] LOAD vaddr=0x0000000000405000 memsz=0x1cc filesz=0x80 flags=RW- U -> pages [0x0000000000405000..0x0000000000406000)
[2610 ms] [elf] load OK (user): type=ET_EXEC, 3 segment(s), base=0x0000000000000000, entry=0x0000000000400000, phdr=0x0000000000000000 (3 entries)
[2620 ms] [proc] created pid=3 ppid=2 'c_hello' entry=0x0000000000400000 rsp=0x00007fffffffff30 cr3=0x165000 kstack=0xffffd00000010040 argc=1 envc=1 cwd='/'
[c_hello] hello from libtoby (argc=1)
[c_hello] ALL OK
[_exit] code=0 caller=0x0000000000400124
[2650 ms] [sys_exit] user requested exit, code=0 (0x0)
[2660 ms] [proc] pid=3 'c_hello' exit code=0 (0x0) cpu=0 ms syscalls=6
[2660 ms] [proc] reaped pid=3, slot recycled
[_exit] code=0 caller=0x0000000000402e0b
[2680 ms] [sys_exit] user requested exit, code=0 (0x0)
[2690 ms] [proc] pid=2 'c_envtest' exit code=0 (0x0) cpu=27 ms syscalls=9
[2690 ms] [proc] reaped pid=2, slot recycled
[c_envtest] recursive child pid=2 status=0x0
[c_envtest] ALL OK
[_exit] code=0 caller=0x0000000000400f44
[2720 ms] [sys_exit] user requested exit, code=0 (0x0)
[2730 ms] [proc] pid=1 'c_envtest-boot' exit code=0 (0x0) cpu=84 ms syscalls=38
[2740 ms] [proc] reaped pid=1, slot recycled
[2750 ms] [boot] M25C: /bin/c_envtest (pid=1) exit=0 (PASS)
[2750 ms] [elf] phdr[2] LOAD vaddr=0x0000000000500000 memsz=0x3a8 filesz=0x3a8 flags=R-- U -> pages [0x0000000000500000..0x0000000000501000)
[2760 ms] [elf] phdr[3] LOAD vaddr=0x00000000005013b0 memsz=0xd0 filesz=0xd0 flags=R-X U -> pages [0x0000000000501000..0x0000000000502000)
[2770 ms] [elf] phdr[4] LOAD vaddr=0x0000000000502480 memsz=0xb80 filesz=0x120 flags=RW- U -> pages [0x0000000000502000..0x0000000000503000)
[2780 ms] [elf] phdr[5] LOAD vaddr=0x00000000005035a0 memsz=0x18 filesz=0x18 flags=RW- U -> pages [0x0000000000503000..0x0000000000504000)
[2790 ms] [elf] load OK (user): type=ET_DYN, 4 segment(s), base=0x0000000000500000, entry=0x00000000005013b0, phdr=0x0000000000500040 (9 entries), PT_INTERP
[2800 ms] [elf] phdr[1] LOAD vaddr=0x0000000040000000 memsz=0x499 filesz=0x499 flags=R-- U -> pages [0x0000000040000000..0x0000000040001000)
[2810 ms] [elf] phdr[2] LOAD vaddr=0x00000000400014a0 memsz=0x9ba filesz=0x9ba flags=R-X U -> pages [0x0000000040001000..0x0000000040002000)
[2810 ms] [elf] phdr[3] LOAD vaddr=0x0000000040002e60 memsz=0x1a0 filesz=0xa0 flags=RW- U -> pages [0x0000000040002000..0x0000000040003000)
[2820 ms] [elf] phdr[4] LOAD vaddr=0x0000000040003f00 memsz=0x390 filesz=0x0 flags=RW- U -> pages [0x0000000040003000..0x0000000040005000)
[2830 ms] [elf] load OK (user): type=ET_DYN, 4 segment(s), base=0x0000000040000000, entry=0x00000000400014a0, phdr=0x0000000040000040 (8 entries)
[2840 ms] [proc] loaded interpreter '/lib/ld-toby.so' base=0x0000000040000000 entry=0x00000000400014a0
[2840 ms] [proc] created pid=1 ppid=0 'c_dynhello-boot' entry=0x00000000400014a0 rsp=0x00007fffffffff30 cr3=0x13c000 kstack=0xffffd0000001e020 argc=1 envc=1 cwd='/'
[2850 ms] [elf] phdr[1] LOAD vaddr=0x0000000060000000 memsz=0x3188 filesz=0x3188 flags=R-- U -> pages [0x0000000060000000..0x0000000060004000)
[2860 ms] [elf] phdr[2] LOAD vaddr=0x0000000060004190 memsz=0x6321 filesz=0x6321 flags=R-X U -> pages [0x0000000060004000..0x000000006000b000)
[2870 ms] [elf] phdr[3] LOAD vaddr=0x000000006000b4c0 memsz=0xb40 filesz=0x278 flags=RW- U -> pages [0x000000006000b000..0x000000006000c000)
[2880 ms] [elf] phdr[4] LOAD vaddr=0x000000006000c738 memsz=0x1f0 filesz=0x7c flags=RW- U -> pages [0x000000006000c000..0x000000006000d000)
[2890 ms] [elf] load OK (user): type=ET_DYN, 4 segment(s), base=0x0000000060000000, entry=0x0000000060000000, phdr=0x0000000060000040 (8 entries)
[c_dynhello] hello from DYNAMIC libtoby (argc=1)
[c_dynhello] ALL OK
[_exit] code=0 caller=0x0000000060004ab4
[2920 ms] [sys_exit] user requested exit, code=0 (0x0)
[2930 ms] [proc] pid=1 'c_dynhello-boot' exit code=0 (0x0) cpu=0 ms syscalls=7
[2930 ms] [proc] reaped pid=1, slot recycled
[2940 ms] [boot] M25D: /bin/c_dynhello (pid=1) exit=0 (PASS)
[2950 ms] [elf] phdr[0] LOAD vaddr=0x0000000000400000 memsz=0x4246 filesz=0x4246 flags=R-X U -> pages [0x0000000000400000..0x0000000000405000)
[2970 ms] [elf] phdr[1] LOAD vaddr=0x0000000000405000 memsz=0x7e0 filesz=0x7e0 flags=R-- U -> pages [0x0000000000405000..0x0000000000406000)
[2980 ms] [elf] phdr[2] LOAD vaddr=0x0000000000406000 memsz=0x1e8 filesz=0x88 flags=RW- U -> pages [0x0000000000406000..0x0000000000407000)
[2980 ms] [elf] load OK (user): type=ET_EXEC, 3 segment(s), base=0x0000000000000000, entry=0x0000000000400000, phdr=0x0000000000000000 (3 entries)
[3000 ms] [proc] created pid=1 ppid=0 'p_echo-boot' entry=0x0000000000400000 rsp=0x00007fffffffff10 cr3=0x13c000 kstack=0xffffd0000001e020 argc=3 envc=1 cwd='/'
hello from-port-echo
[_exit] code=0 caller=0x0000000000400c04
[3020 ms] [sys_exit] user requested exit, code=0 (0x0)
[3030 ms] [proc] pid=1 'p_echo-boot' exit code=0 (0x0) cpu=0 ms syscalls=6
[3040 ms] [proc] reaped pid=1, slot recycled
[3040 ms] [boot] M25E: /bin/p_echo (pid=1) exit=0 (PASS)
[3050 ms] [elf] phdr[0] LOAD vaddr=0x0000000000400000 memsz=0x4276 filesz=0x4276 flags=R-X U -> pages [0x0000000000400000..0x0000000000405000)
[3060 ms] [elf] phdr[1] LOAD vaddr=0x0000000000405000 memsz=0x7d0 filesz=0x7d0 flags=R-- U -> pages [0x0000000000405000..0x0000000000406000)
[3070 ms] [elf] phdr[2] LOAD vaddr=0x0000000000406000 memsz=0x1e8 filesz=0x88 flags=RW- U -> pages [0x0000000000406000..0x0000000000407000)
[3080 ms] [elf] load OK (user): type=ET_EXEC, 3 segment(s), base=0x0000000000000000, entry=0x0000000000400000, phdr=0x0000000000000000 (3 entries)
[3090 ms] [proc] created pid=1 ppid=0 'p_cat-boot' entry=0x0000000000400000 rsp=0x00007fffffffff20 cr3=0x13c000 kstack=0xffffd0000001e020 argc=2 envc=1 cwd='/'
==============================================
  Welcome to tobyOS -- milestone 4
==============================================

The kernel mounted this file from /etc/motd
on a read-only ramfs backed by a USTAR initrd.

Try:
    ls
    ls /bin
    cat /readme.txt
    run /bin/hello
[_exit] code=0 caller=0x0000000000400c34
[3180 ms] [sys_exit] user requested exit, code=0 (0x0)
[3190 ms] [proc] pid=1 'p_cat-boot' exit code=0 (0x0) cpu=0 ms syscalls=7
[3200 ms] [proc] reaped pid=1, slot recycled
[3210 ms] [boot] M25E: /bin/p_cat (pid=1) exit=0 (PASS)
[3210 ms] [elf] phdr[0] LOAD vaddr=0x0000000000400000 memsz=0x4aca filesz=0x4aca flags=R-X U -> pages [0x0000000000400000..0x0000000000405000)
[3230 ms] [elf] phdr[1] LOAD vaddr=0x0000000000405000 memsz=0x840 filesz=0x840 flags=R-- U -> pages [0x0000000000405000..0x0000000000406000)
[3230 ms] [elf] phdr[2] LOAD vaddr=0x0000000000406000 memsz=0x208 filesz=0x94 flags=RW- U -> pages [0x0000000000406000..0x0000000000407000)
[3240 ms] [elf] load OK (user): type=ET_EXEC, 3 segment(s), base=0x0000000000000000, entry=0x0000000000400000, phdr=0x0000000000000000 (3 entries)
[3250 ms] [proc] created pid=1 ppid=0 'p_wc-boot' entry=0x0000000000400000 rsp=0x00007fffffffff20 cr3=0x13c000 kstack=0xffffd0000001e020 argc=2 envc=1 cwd='/'
      12      32     297 /etc/motd
[_exit] code=0 caller=0x00000000004011f4
[3280 ms] [sys_exit] user requested exit, code=0 (0x0)
[3280 ms] [proc] pid=1 'p_wc-boot' exit code=0 (0x0) cpu=0 ms syscalls=29
[3290 ms] [proc] reaped pid=1, slot recycled
[3290 ms] [boot] M25E: /bin/p_wc (pid=1) exit=0 (PASS)
[3300 ms] [elf] phdr[0] LOAD vaddr=0x0000000000400000 memsz=0x46ba filesz=0x46ba flags=R-X U -> pages [0x0000000000400000..0x0000000000405000)
[3320 ms] [elf] phdr[1] LOAD vaddr=0x0000000000405000 memsz=0x840 filesz=0x840 flags=R-- U -> pages [0x0000000000405000..0x0000000000406000)
[3330 ms] [elf] phdr[2] LOAD vaddr=0x0000000000406000 memsz=0x208 filesz=0x9c flags=RW- U -> pages [0x0000000000406000..0x0000000000407000)
[3340 ms] [elf] load OK (user): type=ET_EXEC, 3 segment(s), base=0x0000000000000000, entry=0x0000000000400000, phdr=0x0000000000000000 (3 entries)
[3340 ms] [proc] created pid=1 ppid=0 'p_head-boot' entry=0x0000000000400000 rsp=0x00007fffffffff10 cr3=0x13c000 kstack=0xffffd0000001e020 argc=4 envc=1 cwd='/'
==============================================
  Welcome to tobyOS -- milestone 4
[_exit] code=0 caller=0x0000000000400de4
[3370 ms] [sys_exit] user requested exit, code=0 (0x0)
[3380 ms] [proc] pid=1 'p_head-boot' exit code=0 (0x0) cpu=0 ms syscalls=7
[3390 ms] [proc] reaped pid=1, slot recycled
[3400 ms] [boot] M25E: /bin/p_head (pid=1) exit=0 (PASS)
[3400 ms] [elf] phdr[0] LOAD vaddr=0x0000000000400000 memsz=0x4d5a filesz=0x4d5a flags=R-X U -> pages [0x0000000000400000..0x0000000000405000)
[3420 ms] [elf] phdr[1] LOAD vaddr=0x0000000000405000 memsz=0x850 filesz=0x850 flags=R-- U -> pages [0x0000000000405000..0x0000000000406000)
[3430 ms] [elf] phdr[2] LOAD vaddr=0x0000000000406000 memsz=0x208 filesz=0x94 flags=RW- U -> pages [0x0000000000406000..0x0000000000407000)
[3430 ms] [elf] load OK (user): type=ET_EXEC, 3 segment(s), base=0x0000000000000000, entry=0x0000000000400000, phdr=0x0000000000000000 (3 entries)
[3440 ms] [proc] created pid=1 ppid=0 'p_ls-boot' entry=0x0000000000400000 rsp=0x00007fffffffff20 cr3=0x13c000 kstack=0xffffd0000001e020 argc=2 envc=1 cwd='/'
abi_test
audiotest
bad
batterytest
c_alloctest
c_args
c_dynhello
c_envtest
c_filedemo
c_hello
cat
compattest
crashinfo
devlist
displayinfo
drawtest
drvmatch
drvtest
echo
fonttest
fscheck
gui_about
gui_clock
gui_demo
gui_files
gui_settings
gui_term
gui_viewer
gui_widgets
hello
hwcompat
hwinfo
hwreport
login
logview
long_task
netecho
p_cat
p_echo
p_grep
p_head
p_ls
p_wc
rendertest
safesh
selfhosttest
services
stabilitytest
svc_crasher
tobybuild
tobycc
usbtest
wdogtest
[_exit] code=0 caller=0x0000000000401194
[3810 ms] [sys_exit] user requested exit, code=0 (0x0)
[3810 ms] [proc] pid=1 'p_ls-boot' exit code=0 (0x0) cpu=0 ms syscalls=169
[3820 ms] [proc] reaped pid=1, slot recycled
[3830 ms] [boot] M25E: /bin/p_ls (pid=1) exit=0 (PASS)
[3830 ms] [elf] phdr[0] LOAD vaddr=0x0000000000400000 memsz=0x480a filesz=0x480a flags=R-X U -> pages [0x0000000000400000..0x0000000000405000)
[3860 ms] [elf] phdr[1] LOAD vaddr=0x0000000000405000 memsz=0x8e0 filesz=0x8e0 flags=R-- U -> pages [0x0000000000405000..0x0000000000406000)
[3860 ms] [elf] phdr[2] LOAD vaddr=0x0000000000406000 memsz=0x228 filesz=0x94 flags=RW- U -> pages [0x0000000000406000..0x0000000000407000)
[3870 ms] [elf] load OK (user): type=ET_EXEC, 3 segment(s), base=0x0000000000000000, entry=0x0000000000400000, phdr=0x0000000000000000 (3 entries)
[3880 ms] [proc] created pid=1 ppid=0 'p_grep-boot' entry=0x0000000000400000 rsp=0x00007fffffffff10 cr3=0x13c000 kstack=0xffffd0000001e020 argc=3 envc=1 cwd='/'
  Welcome to tobyOS -- milestone 4
[_exit] code=0 caller=0x0000000000400f34
[3900 ms] [sys_exit] user requested exit, code=0 (0x0)
[3910 ms] [proc] pid=1 'p_grep-boot' exit code=0 (0x0) cpu=0 ms syscalls=305
[3920 ms] [proc] reaped pid=1, slot recycled
[3920 ms] [boot] M25E: /bin/p_grep (pid=1) exit=0 (PASS)
[3930 ms] [boot] M25E: ports 6/6 PASS
[3940 ms] [boot] BSP LAPIC timer @ 100 Hz live (vec=0x40)
[3940 ms] [smp] 4 CPU(s) total: BSP apic_id=0
[3950 ms] [smp]   cpu0: apic_id=0 (BSP)
[3960 ms] [smp]   cpu1: apic_id=1
[3970 ms] [smp]   cpu2: apic_id=2
[3970 ms] [smp]   cpu3: apic_id=3
[3980 ms] CPU 0 online
[3980 ms]   apic_id=0 (BSP)  stack=bootloader-provided
[4000 ms] [smp] trampoline installed: phys=0x0000000000070000 virt=0xffff800000070000 len=1024 bytes
[4000 ms] [smp] cpu1: INIT-SIPI-SIPI to apic_id=1 (tramp_vector=0x70, stack=0xffffd00000019ea0)
[4020 ms] CPU 1 online
[4020 ms]   apic_id=1 (acpi said 1)  stack_top=0xffffd00000019ea0
[4030 ms]   cpu1: LAPIC timer @ 100 Hz live (vec=0x40)
[4030 ms] [smp] cpu2: INIT-SIPI-SIPI to apic_id=2 (tramp_vector=0x70, stack=0xffffd0000001deb0)
[4050 ms] CPU 2 online
[4050 ms]   apic_id=2 (acpi said 2)  stack_top=0xffffd0000001deb0
[4060 ms]   cpu2: LAPIC timer @ 100 Hz live (vec=0x40)
[4060 ms] [smp] cpu3: INIT-SIPI-SIPI to apic_id=3 (tramp_vector=0x70, stack=0xffffd00000022710)
[4080 ms] CPU 3 online
[4080 ms]   apic_id=3 (acpi said 3)  stack_top=0xffffd00000022710
[4090 ms]   cpu3: LAPIC timer @ 100 Hz live (vec=0x40)
[4090 ms] [smp] 3/3 APs online (total 4 CPUs)
[4130 ms] [gfx] back buffer 1280x800 (4000 KiB) ready, fb_pitch=1280 px, backend=limine-fb
[4140 ms] [mouse] PS/2 driver up (IRQ12 routed via IO APIC, sample=200Hz)
[4150 ms] [gui] window manager ready (max 8 windows, 18-px title bar)
[4150 ms] [term] session pool ready (4 sessions, 4096-byte rings)
[4160 ms] Welcome to tobyOS
[4170 ms] milestone 14: services + settings + login. Boot drops into the GUI desktop with /bin/login.
[4180 ms] 
[4190 ms] [settings] loading /data/settings.conf (209 bytes)
[4200 ms] [settings] cache:
[4200 ms]   desktop.bg=0x00204060
[4210 ms]   desktop.title=tobyOS
[4220 ms]   desktop.greeting=Welcome to tobyOS
[4220 ms]   user.last=toby
[4230 ms]   user.greeting=Hello, friend!
[4240 ms]   session.autostart=
[4250 ms] [users] loading /data/users (86 bytes)
[4260 ms] [users] cache (3 entries):
[4270 ms]   root             uid=0 gid=0
[4270 ms]   toby             uid=1000 gid=1000
[4280 ms]   guest            uid=1001 gid=1001
[4290 ms] [theme] active='cyber' (settings ui.theme='cyber')
[4300 ms] [svc] registered builtin 'notify'
[4300 ms] [4300] INFO  svc      pid=0: registered builtin 'notify'
[4310 ms] [notify] daemon ready (ring depth 32)
[4320 ms] [svc] service manager up (max 8 services)
[4320 ms] [4320] INFO  svc      pid=0: manager up max=8 backoff_base=100ms cap=6400ms disable_at=5
[4330 ms] [svc] registered builtin 'input'
[4340 ms] [4340] INFO  svc      pid=0: registered builtin 'input'
[4350 ms] [svc] registered builtin 'network'
[4350 ms] [4350] INFO  svc      pid=0: registered builtin 'network'
[4360 ms] [svc] registered builtin 'desktop'
[4360 ms] [4360] INFO  svc      pid=0: registered builtin 'desktop'
[4370 ms] [svc] registered builtin 'session'
[4380 ms] [4380] INFO  svc      pid=0: registered builtin 'session'
[4390 ms] [trace] level 0 -> 1
[4390 ms] [gui] auto-enabled trace (level=1) for desktop session
[4400 ms] [trace t=440 pid=0] [4400 ms] gui_set_desktop_mode: off -> on[4400 ms] 
[4410 ms] [gui] entering graphical mode
[4410 ms] [session] init: last user='toby' (will be pre-filled at login)
[4410 ms] [svc] registered program 'login' -> /bin/login (autorestart=1)
[4410 ms] [4410] INFO  svc      pid=0: registered program 'login' path='/bin/login' autorestart=1
[4410 ms] [trace t=441 pid=0] [4410 ms] launch_enqueue '/bin/login' sandbox='' caps='' (head=1 tail=0)[4410 ms] 
[4410 ms] [svc] 'login' enqueued (restart #1, crashes=0)
[4410 ms] [4410] INFO  svc      pid=0: 'login' enqueued restart=1 crashes=0
[4410 ms] [svc] 5 services registered
[4420 ms]   name         kind    state    auto pid rcnt  ccnt  ccon  path
[4420 ms]   input        builtin running  0    0   0     0     0     (builtin)
[4420 ms]   network      builtin running  0    0   0     0     0     (builtin)
[4420 ms]   desktop      builtin running  0    0   0     0     0     (builtin)
[4420 ms]   session      builtin running  0    0   0     0     0     (builtin)
[4420 ms]   login        program running  1    0   1     0     0     /bin/login
[4420 ms] [notify #1 urg=0 kind=1] kernel: Desktop ready -- Welcome to tobyOS. Click [Apps] to launch a program, or click the bell to open the notification
[4420 ms] [notify #2 urg=0 kind=1] session: Login service started -- /bin/login is running. Type 'root' to log in.
[4420 ms] [boot] first gui_tick before net_init
[4420 ms] [trace t=442 pid=0] [4420 ms] drain_launch_queue: spawning '/bin/login' sandbox='default' caps=''[4420 ms] 
[4420 ms] [elf] phdr[0] LOAD vaddr=0x0000000000400000 memsz=0xe11 filesz=0xe11 flags=R-X U -> pages [0x0000000000400000..0x0000000000401000)
[4420 ms] [elf] phdr[1] LOAD vaddr=0x0000000000401000 memsz=0x194 filesz=0x194 flags=R-- U -> pages [0x0000000000401000..0x0000000000402000)
[4430 ms] [elf] phdr[2] LOAD vaddr=0x0000000000402000 memsz=0x30 filesz=0x18 flags=RW- U -> pages [0x0000000000402000..0x0000000000403000)
[4430 ms] [elf] load OK (user): type=ET_EXEC, 3 segment(s), base=0x0000000000000000, entry=0x0000000000400000, phdr=0x0000000000000000 (3 entries)
[4430 ms] [proc] created pid=1 ppid=0 'login' entry=0x0000000000400000 rsp=0x00007fffffffff50 cr3=0x52a000 kstack=0xffffd00000008030 argc=0 envc=0 cwd='/'
[4430 ms] [cap] pid=1 'login' sandbox='default' caps=FILE_READ,FILE_WRITE,EXEC,NET,GUI,TERM,SETTINGS_WRITE root=(none)
[4430 ms] [trace t=443 pid=0] [4430 ms] track_pid pid=1 slot=0[4430 ms] 
[4430 ms] [gui] launched /bin/login as pid 1 (session=0)
[4430 ms] [trace t=443 pid=0] [4430 ms] drain_launch_queue: spawned '/bin/login' as pid=1 session=0[4430 ms] 
[4430 ms] [svc] 'login' pid=1 (backfilled)
[4430 ms] [trace t=443 pid=0] [4430 ms] heartbeat windows=0 apps_alive=1 cursor=(640,400) btn=0x00 dirty=1 menu=0 desktop=1[4440 ms] 
[4440 ms] [trace t=444 pid=0] [4440 ms] toast new id=2 urg=0 app='session' title='Login service started'[4440 ms] 
[4450 ms] [trace t=445 pid=1] [4450 ms] window_create wid=1 owner_pid=1 size=380x220 pos=(60,40) title='tobyOS login'[4450 ms] 
[4450 ms] [boot] before net_init
[4450 ms] [net] nic=e1000:00:03.0 mac=52:54:00:12:34:56 -- starting up
[4450 ms] [net] DHCP on [0] e1000:00:03.0 mac=52:54:00:12:34:56
[4460 ms] [dhcp] DISCOVER xid=0x75623fdb
[4460 ms] [e1000] RX DHCP frame len=590 udp 67 -> 68 dst=ff:ff:ff:ff:ff:ff
[4460 ms] [dhcp] OFFER  yiaddr=10.0.2.15 server=10.0.2.2
[4460 ms] [dhcp] REQUEST requested=10.0.2.15
[4460 ms] [e1000] RX DHCP frame len=590 udp 67 -> 68 dst=ff:ff:ff:ff:ff:ff
[4460 ms] [dhcp] ACK    bound: ip=10.0.2.15 mask=255.255.255.0 gw=10.0.2.2 dns=10.0.2.3 lease=86400s (server=10.0.2.2)
[4470 ms] [net] DHCP lease applied: ip=10.0.2.15 mask=255.255.255.0 gw=10.0.2.2 dns=10.0.2.3
[4470 ms] [net] up: nic=e1000:00:03.0 ip=10.0.2.15 gw=10.0.2.2 mac=52:54:00:12:34:56
[4470 ms] [net] gateway 10.0.2.2 -> 52:55:0a:00:02:02 (cached)
[4470 ms] [net] dns     10.0.2.3 -> 52:55:0a:00:02:03 (cached)
[4470 ms] [tcp] LISTEN tcp[0] lp=1234 backlog=4
[4470 ms] [tcp-echo] listening on TCP port 1234
[4470 ms] [tcp] LISTEN tcp[1] lp=7777 backlog=4
[4470 ms] [tcp-shell] listening on TCP port 7777
[4470 ms] [boot] after net_init ok=1 net_up=1
[4470 ms] [boot] net_init OK; starting TCP services
[4480 ms] [rng] CSPRNG ready (rdrand=1 words=8)
[4500 ms] [ssh-crypto] loaded Ed25519 host key from /data/ssh/ssh_host_ed25519_seed
[4500 ms] [tcp] LISTEN tcp[2] lp=22 backlog=2
[4500 ms] [ssh] listening on TCP port 22 (transport scaffold)
[4500 ms] [sec] M34 crypto self-test PASS (SHA-256, HMAC-SHA-256, hex/ct)
[4510 ms] [ssh-crypto] Monocypher self-test PASS (X25519, Ed25519, XChaCha20-Poly1305)
[4510 ms] [sec] trust store loaded: 1 key(s) from /system/keys/trust.db
[4510 ms] [sysprot] init: 5 protected prefix(es)
[4510 ms] [sysprot]   /system          system
[4510 ms] [sysprot]   /system/keys     trust-store
[4510 ms] [sysprot]   /boot            boot
[4510 ms] [sysprot]   /data/packages   package-db
[4510 ms] [sysprot]   /data/users      user-db
[4550 ms] [trace t=455 pid=0] [4550 ms] launcher_register 'Hello CLI' -> /data/apps/hello_cli/bin/hello_cli.elf sandbox='' caps='' (slot=0)[4550 ms] 
[4550 ms] [pkg] registered launcher entry: 'Hello CLI' -> /data/apps/hello_cli/bin/hello_cli.elf
[4550 ms] [pkg] package manager ready (apps=/data/apps db=/data/packages repo=/data/repo,/repo)
[4550 ms] [fw_cfg] QEMU fw_cfg interface present at 0x510/0x511
[4550 ms] [battery] no ACPI battery detected (no fw_cfg mock, no PNP0C0A in AML)
[4550 ms] [display] registered fb0 1280x800 backend=limine-fb
[4550 ms] [boot] M26A: peripheral inventory + self-tests
[4550 ms] [devtest] === 10 devices ===
[4560 ms] [INFO] pci: 00:00.0 drv=- status=0x01 8086:1237 cls=06.00.00 irq=0
[4560 ms] [INFO] pci: 00:01.0 drv=- status=0x01 8086:7000 cls=06.01.00 irq=0
[4560 ms] [INFO] pci: 00:01.1 drv=blk_ata status=0x03 8086:7010 cls=01.01.80 irq=0
[4560 ms] [INFO] pci: 00:01.3 drv=- status=0x01 8086:7113 cls=06.80.00 irq=9
[4560 ms] [INFO] pci: 00:02.0 drv=- status=0x01 1234:1111 cls=03.00.00 irq=0
[4560 ms] [INFO] pci: 00:03.0 drv=e1000 status=0x03 8086:100e cls=02.00.00 irq=11
[4560 ms] [INFO] blk: ide0:master drv=disk status=0x03 sectors=32768 (16384 KiB) class=1
[4560 ms] [INFO] in: kbd0 drv=ps2_kbd status=0x03 PS/2 IRQ1 chars=0 irqs=0 caps=0
[4560 ms] [INFO] in: mouse0 drv=ps2_mouse status=0x03 PS/2 IRQ12 events=0 clicks=0 btn=0x00
[4560 ms] [INFO] fb: fb0 drv=limine-fb status=0x03 1280x800 pitch=5120 bpp=32 fmt=1 flips=0
[4570 ms] [PASS] devtest: devtest registry alive
[4570 ms] [PASS] pci: 6 PCI device(s), 2 driver-bound
[4570 ms] [PASS] blk: 1 blk dev(s): disks=1 partitions=0 wrappers=0
[4570 ms] [SKIP] xhci: no xHCI controller present (run with -device qemu-xhci)
[4570 ms] [SKIP] usb_legacy: no UHCI/OHCI/EHCI controllers present
[4570 ms] [SKIP] usb: no xHCI controller, no USB devices
[4570 ms] [SKIP] usb_hub: no USB hub enumerated (try -device usb-hub)
[4570 ms] [SKIP] audio: no HDA controller present (run with -device intel-hda)
[4570 ms] [SKIP] audio_tone: no HDA controller -- run QEMU with -device intel-hda
[4570 ms] [SKIP] battery: no ACPI battery detected (desktop or QEMU default)
[4570 ms] [notify #3 urg=0 kind=2] hotplug: Device attached: selftest-attach -- bus=255 slot=43521 hub.depth=0 hub.port=1
[4570 ms] [notify #4 urg=1 kind=2] hotplug: Device removed: selftest-detach -- bus=255 slot=43521 hub.depth=0 hub.port=1
[4570 ms] [PASS] hotplug: ring=64 capacity=64 posted=2 drained=2 dropped=0
[4580 ms] [PASS] input: ps2 kbd chars=0 irqs=0 (caps=0) | ps2 mouse events=0 clicks=0 | usb_hid devs=0 (kbd=0 mouse=0) frames=0
[4580 ms] [SKIP] usb_hid: no USB HID devices (run with -device usb-kbd / usb-mouse)
[4580 ms] [SKIP] usb_msc: no USB MSC slots (run with -device usb-storage)
[4580 ms] [PASS] display: 1 output(s); primary fb0 1280x800 pitch=5120 bpp=32 backend=limine-fb
[4580 ms] [PASS] display_draw: back buffer reachable 1280x800; clip-paths OK
[4580 ms] [PASS] display_render: backend=limine-fb flip=ok present_rect=yes describe=yes bpp=4 frames=1 flips=0 fb_pitch_px=1280 back_kib=4000
[4580 ms] [PASS] display_alpha: src-over OK: a0=keep, a255=overwrite, a128=blend (got a02020)
[4600 ms] [PASS] display_dirty: tracker OK: rect-inject -> 10,20 100x50, full -> 1280x800 (stats: 4 flips, 2 full, 1 partial, 1 empty)
[4600 ms] [PASS] display_font: scaled bounds OK: 1x=24x8 2x=48x16 3x=72x24 multi=48x32
[4600 ms] [PASS] display_multi: multi OK: 3 outputs registered, layout spans 3104x800 (auto-h-layout + override + cleanup)
[4600 ms] [boot] M26A: 21 test(s) -- pass=12 fail=0 skip=9
[4600 ms] type 'help' to list commands.
[4600 ms] tobyOS> [4600 ms] [boot] M25C: driving shell with synthetic command lines
[4600 ms] [shell-test] $ env
[4600 ms] PATH=/bin
[4600 ms] HOME=/
[4600 ms] USER=admin
[4600 ms] PWD=/
[4600 ms] SHELL=tobysh
[4610 ms] [shell-test] $ setenv M25C_FROM_SHELL yes
[4610 ms] [shell-test] $ env
[4610 ms] PATH=/bin
[4610 ms] HOME=/
[4610 ms] USER=admin
[4610 ms] PWD=/
[4610 ms] SHELL=tobysh
[4610 ms] M25C_FROM_SHELL=yes
[4610 ms] [shell-test] $ c_args from-shell PATH-resolved
[4610 ms] [elf] phdr[0] LOAD vaddr=0x0000000000400000 memsz=0x3fe6 filesz=0x3fe6 flags=R-X U -> pages [0x0000000000400000..0x0000000000404000)
[4610 ms] [elf] phdr[1] LOAD vaddr=0x0000000000404000 memsz=0x860 filesz=0x860 flags=R-- U -> pages [0x0000000000404000..0x0000000000405000)
[4610 ms] [elf] phdr[2] LOAD vaddr=0x0000000000405000 memsz=0x1cc filesz=0x80 flags=RW- U -> pages [0x0000000000405000..0x0000000000406000)
[4610 ms] [elf] load OK (user): type=ET_EXEC, 3 segment(s), base=0x0000000000000000, entry=0x0000000000400000, phdr=0x0000000000000000 (3 entries)
[4610 ms] [proc] created pid=2 ppid=0 'c_args' entry=0x0000000000400000 rsp=0x00007ffffffffea0 cr3=0x5b3000 kstack=0xffffd000004682d0 argc=3 envc=6 cwd='/'
[c_args] argc=3
[c_args]   argv[0] = "c_args"
[c_args]   argv[1] = "from-shell"
[c_args]   argv[2] = "PATH-resolved"
[c_args] envc=6
[c_args]   envp[0] = "PATH=/bin"
[c_args]   envp[1] = "HOME=/"
[c_args]   envp[2] = "USER=admin"
[c_args]   envp[3] = "PWD=/"
[c_args] getenv("HOME") = /
[c_args] __toby_argc=3 __toby_argv=0x7ffffffffea8 __toby_envp=0x7ffffffffec8
[c_args] ALL OK
[_exit] code=0 caller=0x0000000000400234
[4630 ms] [sys_exit] user requested exit, code=0 (0x0)
[4630 ms] [proc] pid=2 'c_args' exit code=0 (0x0) cpu=3 ms syscalls=56
[4630 ms] [proc] reaped pid=2, slot recycled
[4630 ms] 'c_args' (pid=2) returned 0 (0x0)
[4630 ms] [shell-test] $ unsetenv M25C_FROM_SHELL
[4630 ms] [boot] M25C: shell smoketest done
[4630 ms] [boot] M26A: driving shell builtins (devlist + drvtest)
[4630 ms] [shell-test] $ echo --- M26A shell builtins ---
[4630 ms] --- [4630 ms] M26A [4630 ms] shell [4630 ms] builtins [4630 ms] ---[4630 ms] 
[4630 ms] [shell-test] $ devlist
[4630 ms] [devtest] === 10 devices ===
[4630 ms] [INFO] pci: 00:00.0 drv=- status=0x01 8086:1237 cls=06.00.00 irq=0
[4630 ms] [INFO] pci: 00:01.0 drv=- status=0x01 8086:7000 cls=06.01.00 irq=0
[4630 ms] [INFO] pci: 00:01.1 drv=blk_ata status=0x03 8086:7010 cls=01.01.80 irq=0
[4630 ms] [INFO] pci: 00:01.3 drv=- status=0x01 8086:7113 cls=06.80.00 irq=9
[4630 ms] [INFO] pci: 00:02.0 drv=- status=0x01 1234:1111 cls=03.00.00 irq=0
[4630 ms] [INFO] pci: 00:03.0 drv=e1000 status=0x03 8086:100e cls=02.00.00 irq=11
[4630 ms] [INFO] blk: ide0:master drv=disk status=0x03 sectors=32768 (16384 KiB) class=1
[4630 ms] [INFO] in: kbd0 drv=ps2_kbd status=0x03 PS/2 IRQ1 chars=0 irqs=0 caps=0
[4630 ms] [INFO] in: mouse0 drv=ps2_mouse status=0x03 PS/2 IRQ12 events=0 clicks=0 btn=0x00
[4630 ms] [INFO] fb: fb0 drv=limine-fb status=0x07 1280x800 pitch=5120 bpp=32 fmt=1 flips=3
[4640 ms] [shell-test] $ devlist usb
[4640 ms] [devtest] === 0 devices ===
[4640 ms] [shell-test] $ devlist pci
[4640 ms] [devtest] === 6 devices ===
[4640 ms] [INFO] pci: 00:00.0 drv=- status=0x01 8086:1237 cls=06.00.00 irq=0
[4640 ms] [INFO] pci: 00:01.0 drv=- status=0x01 8086:7000 cls=06.01.00 irq=0
[4640 ms] [INFO] pci: 00:01.1 drv=blk_ata status=0x03 8086:7010 cls=01.01.80 irq=0
[4640 ms] [INFO] pci: 00:01.3 drv=- status=0x01 8086:7113 cls=06.80.00 irq=9
[4640 ms] [INFO] pci: 00:02.0 drv=- status=0x01 1234:1111 cls=03.00.00 irq=0
[4640 ms] [INFO] pci: 00:03.0 drv=e1000 status=0x03 8086:100e cls=02.00.00 irq=11
[4640 ms] [shell-test] $ drvtest
[4640 ms] [PASS] devtest: devtest registry alive
[4640 ms] [PASS] pci: 6 PCI device(s), 2 driver-bound
[4640 ms] [PASS] blk: 1 blk dev(s): disks=1 partitions=0 wrappers=0
[4640 ms] [SKIP] xhci: no xHCI controller present (run with -device qemu-xhci)
[4640 ms] [SKIP] usb_legacy: no UHCI/OHCI/EHCI controllers present
[4640 ms] [SKIP] usb: no xHCI controller, no USB devices
[4640 ms] [SKIP] usb_hub: no USB hub enumerated (try -device usb-hub)
[4640 ms] [SKIP] audio: no HDA controller present (run with -device intel-hda)
[4640 ms] [SKIP] audio_tone: no HDA controller -- run QEMU with -device intel-hda
[4640 ms] [SKIP] battery: no ACPI battery detected (desktop or QEMU default)
[4640 ms] [notify #5 urg=0 kind=2] hotplug: Device attached: selftest-attach -- bus=255 slot=43521 hub.depth=0 hub.port=1
[4640 ms] [notify #6 urg=1 kind=2] hotplug: Device removed: selftest-detach -- bus=255 slot=43521 hub.depth=0 hub.port=1
[4640 ms] [PASS] hotplug: ring=64 capacity=64 posted=2 drained=2 dropped=0
[4640 ms] [PASS] input: ps2 kbd chars=0 irqs=0 (caps=0) | ps2 mouse events=0 clicks=0 | usb_hid devs=0 (kbd=0 mouse=0) frames=0
[4640 ms] [SKIP] usb_hid: no USB HID devices (run with -device usb-kbd / usb-mouse)
[4640 ms] [SKIP] usb_msc: no USB MSC slots (run with -device usb-storage)
[4640 ms] [PASS] display: 1 output(s); primary fb0 1280x800 pitch=5120 bpp=32 backend=limine-fb
[4640 ms] [PASS] display_draw: back buffer reachable 1280x800; clip-paths OK
[4640 ms] [PASS] display_render: backend=limine-fb flip=ok present_rect=yes describe=yes bpp=4 frames=1 flips=3 fb_pitch_px=1280 back_kib=4000
[4640 ms] [PASS] display_alpha: src-over OK: a0=keep, a255=overwrite, a128=blend (got a02020)
[4640 ms] [PASS] display_dirty: tracker OK: rect-inject -> 10,20 100x50, full -> 1280x800 (stats: 7 flips, 3 full, 2 partial, 2 empty)
[4640 ms] [PASS] display_font: scaled bounds OK: 1x=24x8 2x=48x16 3x=72x24 multi=48x32
[4640 ms] [PASS] display_multi: multi OK: 3 outputs registered, layout spans 3104x800 (auto-h-layout + override + cleanup)
[4640 ms] drvtest: 21 test(s) -- pass=12 fail=0 skip=9
[4650 ms] [shell-test] $ drvtest pci
[4650 ms] [PASS] pci: 6 PCI device(s), 2 driver-bound
[4650 ms] drvtest: 1 test(s) -- pass=1 fail=0 skip=0
[4650 ms] [shell-test] $ drvtest xhci
[4650 ms] [SKIP] xhci: no xHCI controller present (run with -device qemu-xhci)
[4650 ms] drvtest: 1 test(s) -- pass=0 fail=0 skip=1
[4650 ms] [shell-test] $ echo --- M26B shell builtins ---
[4650 ms] --- [4650 ms] M26B [4650 ms] shell [4650 ms] builtins [4650 ms] ---[4650 ms] 
[4650 ms] [shell-test] $ devlist hub
[4650 ms] [devtest] === 0 devices ===
[4650 ms] [shell-test] $ drvtest usb_hub
[4650 ms] [SKIP] usb_hub: no USB hub enumerated (try -device usb-hub)
[4650 ms] drvtest: 1 test(s) -- pass=0 fail=0 skip=1
[4660 ms] [elf] phdr[0] LOAD vaddr=0x0000000000400000 memsz=0x4675 filesz=0x4675 flags=R-X U -> pages [0x0000000000400000..0x0000000000405000)
[4670 ms] [elf] phdr[1] LOAD vaddr=0x0000000000405000 memsz=0xa78 filesz=0xa78 flags=R-- U -> pages [0x0000000000405000..0x0000000000406000)
[4670 ms] [elf] phdr[2] LOAD vaddr=0x0000000000406000 memsz=0x21d8 filesz=0x80 flags=RW- U -> pages [0x0000000000406000..0x0000000000409000)
[4670 ms] [elf] load OK (user): type=ET_EXEC, 3 segment(s), base=0x0000000000000000, entry=0x0000000000400000, phdr=0x0000000000000000 (3 entries)
[4670 ms] [proc] created pid=2 ppid=0 'devlist-boot' entry=0x0000000000400000 rsp=0x00007fffffffff20 cr3=0x5b3000 kstack=0xffffd00000468270 argc=2 envc=1 cwd='/'
BUS     NAME             DRIVER       STAT   INFO
---     ----             ------       ----   ----
pci     00:00.0          -            P----  8086:1237 cls=06.00.00 irq=0
pci     00:01.0          -            P----  8086:7000 cls=06.01.00 irq=0
pci     00:01.1          blk_ata      PB---  8086:7010 cls=01.01.80 irq=0
pci     00:01.3          -            P----  8086:7113 cls=06.80.00 irq=9
pci     00:02.0          -            P----  1234:1111 cls=03.00.00 irq=0
pci     00:03.0          e1000        PB---  8086:100e cls=02.00.00 irq=11
blk     ide0:master      disk         PB---  sectors=32768 (16384 KiB) class=1
input   kbd0             ps2_kbd      PB---  PS/2 IRQ1 chars=0 irqs=0 caps=0
input   mouse0           ps2_mouse    PB---  PS/2 IRQ12 events=0 clicks=0 btn=0x00
display fb0              limine-fb    PBA--  1280x800 pitch=5120 bpp=32 fmt=1 flips=6
PASS: devlist: 10 device(s)
[_exit] code=0 caller=0x0000000000400a54
[4700 ms] [sys_exit] user requested exit, code=0 (0x0)
[4700 ms] [proc] pid=2 'devlist-boot' exit code=0 (0x0) cpu=7 ms syscalls=385
[4700 ms] [proc] reaped pid=2, slot recycled
[4700 ms] [boot] M26A: /bin/devlist (pid=2) exit=0 (PASS)
[4700 ms] [elf] phdr[0] LOAD vaddr=0x0000000000400000 memsz=0x4675 filesz=0x4675 flags=R-X U -> pages [0x0000000000400000..0x0000000000405000)
[4710 ms] [elf] phdr[1] LOAD vaddr=0x0000000000405000 memsz=0xa78 filesz=0xa78 flags=R-- U -> pages [0x0000000000405000..0x0000000000406000)
[4710 ms] [elf] phdr[2] LOAD vaddr=0x0000000000406000 memsz=0x21d8 filesz=0x80 flags=RW- U -> pages [0x0000000000406000..0x0000000000409000)
[4710 ms] [elf] load OK (user): type=ET_EXEC, 3 segment(s), base=0x0000000000000000, entry=0x0000000000400000, phdr=0x0000000000000000 (3 entries)
[4710 ms] [proc] created pid=2 ppid=0 'devlist-usb-boot' entry=0x0000000000400000 rsp=0x00007fffffffff20 cr3=0x5b3000 kstack=0xffffd00000468270 argc=2 envc=1 cwd='/'
BUS     NAME             DRIVER       STAT   INFO
---     ----             ------       ----   ----
INFO: devlist: 0 devices
[_exit] code=0 caller=0x0000000000400a54
[4720 ms] [sys_exit] user requested exit, code=0 (0x0)
[4720 ms] [proc] pid=2 'devlist-usb-boot' exit code=0 (0x0) cpu=2 ms syscalls=72
[4720 ms] [proc] reaped pid=2, slot recycled
[4720 ms] [boot] M26A: /bin/devlist (pid=2) exit=0 (PASS)
[4720 ms] [elf] phdr[0] LOAD vaddr=0x0000000000400000 memsz=0x4675 filesz=0x4675 flags=R-X U -> pages [0x0000000000400000..0x0000000000405000)
[4730 ms] [elf] phdr[1] LOAD vaddr=0x0000000000405000 memsz=0xa78 filesz=0xa78 flags=R-- U -> pages [0x0000000000405000..0x0000000000406000)
[4730 ms] [elf] phdr[2] LOAD vaddr=0x0000000000406000 memsz=0x21d8 filesz=0x80 flags=RW- U -> pages [0x0000000000406000..0x0000000000409000)
[4730 ms] [elf] load OK (user): type=ET_EXEC, 3 segment(s), base=0x0000000000000000, entry=0x0000000000400000, phdr=0x0000000000000000 (3 entries)
[4740 ms] [proc] created pid=2 ppid=0 'devlist-hub-boot' entry=0x0000000000400000 rsp=0x00007fffffffff20 cr3=0x5b3000 kstack=0xffffd00000468270 argc=2 envc=1 cwd='/'
BUS     NAME             DRIVER       STAT   INFO
---     ----             ------       ----   ----
INFO: devlist: 0 devices
[_exit] code=0 caller=0x0000000000400a54
[4740 ms] [sys_exit] user requested exit, code=0 (0x0)
[4740 ms] [proc] pid=2 'devlist-hub-boot' exit code=0 (0x0) cpu=1 ms syscalls=72
[4740 ms] [proc] reaped pid=2, slot recycled
[4740 ms] [boot] M26A: /bin/devlist (pid=2) exit=0 (PASS)
[4740 ms] [elf] phdr[0] LOAD vaddr=0x0000000000400000 memsz=0x46a5 filesz=0x46a5 flags=R-X U -> pages [0x0000000000400000..0x0000000000405000)
[4750 ms] [elf] phdr[1] LOAD vaddr=0x0000000000405000 memsz=0xa58 filesz=0xa58 flags=R-- U -> pages [0x0000000000405000..0x0000000000406000)
[4750 ms] [elf] phdr[2] LOAD vaddr=0x0000000000406000 memsz=0x1d8 filesz=0x80 flags=RW- U -> pages [0x0000000000406000..0x0000000000407000)
[4750 ms] [elf] load OK (user): type=ET_EXEC, 3 segment(s), base=0x0000000000000000, entry=0x0000000000400000, phdr=0x0000000000000000 (3 entries)
[4760 ms] [proc] created pid=2 ppid=0 'drvtest-boot' entry=0x0000000000400000 rsp=0x00007fffffffff30 cr3=0x5b3000 kstack=0xffffd00000468270 argc=1 envc=1 cwd='/'
[PASS] devtest: devtest registry alive
[PASS] pci: 6 PCI device(s), 2 driver-bound
[PASS] blk: 1 blk dev(s): disks=1 partitions=0 wrappers=0
[SKIP] xhci: no xHCI controller present (run with -device qemu-xhci)
[SKIP] usb: no xHCI controller, no USB devices
[SKIP] usb_hub: no USB hub enumerated (try -device usb-hub)
[SKIP] audio: no HDA controller present (run with -device intel-hda)
[SKIP] battery: no ACPI battery detected (desktop or QEMU default)
PASS: drvtest: pass=3 skip=5 fail=0 (total=8)
[_exit] code=0 caller=0x0000000000400314
[4770 ms] [sys_exit] user requested exit, code=0 (0x0)
[4770 ms] [proc] pid=2 'drvtest-boot' exit code=0 (0x0) cpu=3 ms syscalls=60
[4770 ms] [proc] reaped pid=2, slot recycled
[4770 ms] [boot] M26A: /bin/drvtest (pid=2) exit=0 (PASS)
[4770 ms] [elf] phdr[0] LOAD vaddr=0x0000000000400000 memsz=0x46a5 filesz=0x46a5 flags=R-X U -> pages [0x0000000000400000..0x0000000000405000)
[4780 ms] [elf] phdr[1] LOAD vaddr=0x0000000000405000 memsz=0xa58 filesz=0xa58 flags=R-- U -> pages [0x0000000000405000..0x0000000000406000)
[4780 ms] [elf] phdr[2] LOAD vaddr=0x0000000000406000 memsz=0x1d8 filesz=0x80 flags=RW- U -> pages [0x0000000000406000..0x0000000000407000)
[4780 ms] [elf] load OK (user): type=ET_EXEC, 3 segment(s), base=0x0000000000000000, entry=0x0000000000400000, phdr=0x0000000000000000 (3 entries)
[4780 ms] [proc] created pid=2 ppid=0 'drvtest-named' entry=0x0000000000400000 rsp=0x00007fffffffff10 cr3=0x5b3000 kstack=0xffffd00000468270 argc=4 envc=1 cwd='/'
[PASS] pci: 6 PCI device(s), 2 driver-bound
[SKIP] xhci: no xHCI controller present (run with -device qemu-xhci)
[SKIP] usb: no xHCI controller, no USB devices
PASS: drvtest: pass=1 skip=2 fail=0 (total=3)
[_exit] code=0 caller=0x0000000000400314
[4790 ms] [sys_exit] user requested exit, code=0 (0x0)
[4790 ms] [proc] pid=2 'drvtest-named' exit code=0 (0x0) cpu=2 ms syscalls=30
[4790 ms] [proc] reaped pid=2, slot recycled
[4790 ms] [boot] M26A: /bin/drvtest (pid=2) exit=0 (PASS)
[4790 ms] [elf] phdr[0] LOAD vaddr=0x0000000000400000 memsz=0x51d5 filesz=0x51d5 flags=R-X U -> pages [0x0000000000400000..0x0000000000406000)
[4800 ms] [elf] phdr[1] LOAD vaddr=0x0000000000406000 memsz=0xf98 filesz=0xf98 flags=R-- U -> pages [0x0000000000406000..0x0000000000407000)
[4800 ms] [elf] phdr[2] LOAD vaddr=0x0000000000407000 memsz=0xb3d8 filesz=0x80 flags=RW- U -> pages [0x0000000000407000..0x0000000000413000)
[4800 ms] [elf] load OK (user): type=ET_EXEC, 3 segment(s), base=0x0000000000000000, entry=0x0000000000400000, phdr=0x0000000000000000 (3 entries)
[4800 ms] [proc] created pid=2 ppid=0 'usbtest-list' entry=0x0000000000400000 rsp=0x00007fffffffff20 cr3=0x5b3000 kstack=0xffffd00000468270 argc=2 envc=1 cwd='/'
INFO: usbtest list: no USB devices
[_exit] code=0 caller=0x00000000004015b4
[4810 ms] [sys_exit] user requested exit, code=0 (0x0)
[4810 ms] [proc] pid=2 'usbtest-list' exit code=0 (0x0) cpu=0 ms syscalls=4
[4810 ms] [proc] reaped pid=2, slot recycled
[4810 ms] [boot] M26A: /bin/usbtest (pid=2) exit=0 (PASS)
[4810 ms] [elf] phdr[0] LOAD vaddr=0x0000000000400000 memsz=0x51d5 filesz=0x51d5 flags=R-X U -> pages [0x0000000000400000..0x0000000000406000)
[4820 ms] [elf] phdr[1] LOAD vaddr=0x0000000000406000 memsz=0xf98 filesz=0xf98 flags=R-- U -> pages [0x0000000000406000..0x0000000000407000)
[4820 ms] [elf] phdr[2] LOAD vaddr=0x0000000000407000 memsz=0xb3d8 filesz=0x80 flags=RW- U -> pages [0x0000000000407000..0x0000000000413000)
[4820 ms] [elf] load OK (user): type=ET_EXEC, 3 segment(s), base=0x0000000000000000, entry=0x0000000000400000, phdr=0x0000000000000000 (3 entries)
[4820 ms] [proc] created pid=2 ppid=0 'usbtest-ctrl' entry=0x0000000000400000 rsp=0x00007fffffffff20 cr3=0x5b3000 kstack=0xffffd00000468270 argc=2 envc=1 cwd='/'
SKIP: usbtest controller: no xHCI controller present (run with -device qemu-xhci)
[_exit] code=0 caller=0x00000000004015b4
[4830 ms] [sys_exit] user requested exit, code=0 (0x0)
[4830 ms] [proc] pid=2 'usbtest-ctrl' exit code=0 (0x0) cpu=1 ms syscalls=9
[4830 ms] [proc] reaped pid=2, slot recycled
[4830 ms] [boot] M26A: /bin/usbtest (pid=2) exit=0 (PASS)
[4830 ms] [elf] phdr[0] LOAD vaddr=0x0000000000400000 memsz=0x51d5 filesz=0x51d5 flags=R-X U -> pages [0x0000000000400000..0x0000000000406000)
[4840 ms] [elf] phdr[1] LOAD vaddr=0x0000000000406000 memsz=0xf98 filesz=0xf98 flags=R-- U -> pages [0x0000000000406000..0x0000000000407000)
[4840 ms] [elf] phdr[2] LOAD vaddr=0x0000000000407000 memsz=0xb3d8 filesz=0x80 flags=RW- U -> pages [0x0000000000407000..0x0000000000413000)
[4840 ms] [elf] load OK (user): type=ET_EXEC, 3 segment(s), base=0x0000000000000000, entry=0x0000000000400000, phdr=0x0000000000000000 (3 entries)
[4850 ms] [proc] created pid=2 ppid=0 'usbtest-devs' entry=0x0000000000400000 rsp=0x00007fffffffff20 cr3=0x5b3000 kstack=0xffffd00000468270 argc=2 envc=1 cwd='/'
SKIP: usbtest devices: no xHCI controller, no USB devices
[_exit] code=0 caller=0x00000000004015b4
[4850 ms] [sys_exit] user requested exit, code=0 (0x0)
[4850 ms] [proc] pid=2 'usbtest-devs' exit code=0 (0x0) cpu=1 ms syscalls=9
[4850 ms] [proc] reaped pid=2, slot recycled
[4850 ms] [boot] M26A: /bin/usbtest (pid=2) exit=0 (PASS)
[4850 ms] [elf] phdr[0] LOAD vaddr=0x0000000000400000 memsz=0x51d5 filesz=0x51d5 flags=R-X U -> pages [0x0000000000400000..0x0000000000406000)
[4860 ms] [elf] phdr[1] LOAD vaddr=0x0000000000406000 memsz=0xf98 filesz=0xf98 flags=R-- U -> pages [0x0000000000406000..0x0000000000407000)
[4860 ms] [elf] phdr[2] LOAD vaddr=0x0000000000407000 memsz=0xb3d8 filesz=0x80 flags=RW- U -> pages [0x0000000000407000..0x0000000000413000)
[4860 ms] [elf] load OK (user): type=ET_EXEC, 3 segment(s), base=0x0000000000000000, entry=0x0000000000400000, phdr=0x0000000000000000 (3 entries)
[4860 ms] [proc] created pid=2 ppid=0 'usbtest-hub' entry=0x0000000000400000 rsp=0x00007fffffffff20 cr3=0x5b3000 kstack=0xffffd00000468270 argc=2 envc=1 cwd='/'
INFO: usbtest hub: no USB hub registered
INFO: usbtest hub: 0 USB dev(s) total: 0 root, 0 behind hub
SKIP: usbtest hub: no USB hub enumerated (try -device usb-hub)
[_exit] code=0 caller=0x00000000004015b4
[4870 ms] [sys_exit] user requested exit, code=0 (0x0)
[4870 ms] [proc] pid=2 'usbtest-hub' exit code=0 (0x0) cpu=1 ms syscalls=17
[4870 ms] [proc] reaped pid=2, slot recycled
[4870 ms] [boot] M26A: /bin/usbtest (pid=2) exit=0 (PASS)
[4870 ms] [elf] phdr[0] LOAD vaddr=0x0000000000400000 memsz=0x51d5 filesz=0x51d5 flags=R-X U -> pages [0x0000000000400000..0x0000000000406000)
[4890 ms] [elf] phdr[1] LOAD vaddr=0x0000000000406000 memsz=0xf98 filesz=0xf98 flags=R-- U -> pages [0x0000000000406000..0x0000000000407000)
[4890 ms] [elf] phdr[2] LOAD vaddr=0x0000000000407000 memsz=0xb3d8 filesz=0x80 flags=RW- U -> pages [0x0000000000407000..0x0000000000413000)
[4890 ms] [elf] load OK (user): type=ET_EXEC, 3 segment(s), base=0x0000000000000000, entry=0x0000000000400000, phdr=0x0000000000000000 (3 entries)
[4890 ms] [proc] created pid=2 ppid=0 'usbtest-hotplug' entry=0x0000000000400000 rsp=0x00007fffffffff20 cr3=0x5b3000 kstack=0xffffd00000468270 argc=2 envc=1 cwd='/'
[4890 ms] [notify #7 urg=0 kind=2] hotplug: Device attached: selftest-attach -- bus=255 slot=43521 hub.depth=0 hub.port=1
[4890 ms] [notify #8 urg=1 kind=2] hotplug: Device removed: selftest-detach -- bus=255 slot=43521 hub.depth=0 hub.port=1
PASS: usbtest hotplug ring: ring=64 capacity=64 posted=2 drained=2 dropped=0
INFO: usbtest hotplug drain: no live events queued
[_exit] code=0 caller=0x00000000004015b4
[4900 ms] [sys_exit] user requested exit, code=0 (0x0)
[4900 ms] [proc] pid=2 'usbtest-hotplug' exit code=0 (0x0) cpu=2 ms syscalls=9
[4900 ms] [proc] reaped pid=2, slot recycled
[4900 ms] [boot] M26A: /bin/usbtest (pid=2) exit=0 (PASS)
[4900 ms] [elf] phdr[0] LOAD vaddr=0x0000000000400000 memsz=0x51d5 filesz=0x51d5 flags=R-X U -> pages [0x0000000000400000..0x0000000000406000)
[4910 ms] [elf] phdr[1] LOAD vaddr=0x0000000000406000 memsz=0xf98 filesz=0xf98 flags=R-- U -> pages [0x0000000000406000..0x0000000000407000)
[4910 ms] [elf] phdr[2] LOAD vaddr=0x0000000000407000 memsz=0xb3d8 filesz=0x80 flags=RW- U -> pages [0x0000000000407000..0x0000000000413000)
[4910 ms] [elf] load OK (user): type=ET_EXEC, 3 segment(s), base=0x0000000000000000, entry=0x0000000000400000, phdr=0x0000000000000000 (3 entries)
[4910 ms] [proc] created pid=2 ppid=0 'usbtest-hid' entry=0x0000000000400000 rsp=0x00007fffffffff20 cr3=0x5b3000 kstack=0xffffd00000468270 argc=2 envc=1 cwd='/'
INFO: usbtest hid: 2 INPUT dev(s): 2 ps2 + 0 usb_hid
BUS     NAME             DRIVER       STAT   INFO
---     ----             ------       ----   ----
input   kbd0             ps2_kbd      PB---  PS/2 IRQ1 chars=0 irqs=0 caps=0
input   mouse0           ps2_mouse    PB---  PS/2 IRQ12 events=0 clicks=0 btn=0x00
PASS: usbtest hid input: ps2 kbd chars=0 irqs=0 (caps=0) | ps2 mouse events=0 clicks=0 | usb_hid devs=0 (kbd=0 mouse=0) frames=0
SKIP: usbtest hid usb_hid: no USB HID devices (run with -device usb-kbd / usb-mouse)
[_exit] code=0 caller=0x00000000004015b4
[4930 ms] [sys_exit] user requested exit, code=0 (0x0)
[4930 ms] [proc] pid=2 'usbtest-hid' exit code=0 (0x0) cpu=4 ms syscalls=144
[4930 ms] [proc] reaped pid=2, slot recycled
[4930 ms] [boot] M26A: /bin/usbtest (pid=2) exit=0 (PASS)
[4930 ms] [elf] phdr[0] LOAD vaddr=0x0000000000400000 memsz=0x51d5 filesz=0x51d5 flags=R-X U -> pages [0x0000000000400000..0x0000000000406000)
[4940 ms] [elf] phdr[1] LOAD vaddr=0x0000000000406000 memsz=0xf98 filesz=0xf98 flags=R-- U -> pages [0x0000000000406000..0x0000000000407000)
[4940 ms] [elf] phdr[2] LOAD vaddr=0x0000000000407000 memsz=0xb3d8 filesz=0x80 flags=RW- U -> pages [0x0000000000407000..0x0000000000413000)
[4940 ms] [elf] load OK (user): type=ET_EXEC, 3 segment(s), base=0x0000000000000000, entry=0x0000000000400000, phdr=0x0000000000000000 (3 entries)
[4940 ms] [proc] created pid=2 ppid=0 'usbtest-storage' entry=0x0000000000400000 rsp=0x00007fffffffff20 cr3=0x5b3000 kstack=0xffffd00000468270 argc=2 envc=1 cwd='/'
INFO: usbtest storage: 1 BLK dev(s): 1 disk + 0 part, 0 gone, 0 mounted
BUS     NAME             DRIVER       STAT   INFO
---     ----             ------       ----   ----
blk     ide0:master      disk         PB---  sectors=32768 (16384 KiB) class=1
SKIP: usbtest storage: no USB MSC slots (run with -device usb-storage)
INFO: usbtest storage: no live USB mount -- skipping FAT32 roundtrip
[_exit] code=0 caller=0x00000000004015b4
[4960 ms] [sys_exit] user requested exit, code=0 (0x0)
[4960 ms] [proc] pid=2 'usbtest-storage' exit code=0 (0x0) cpu=3 ms syscalls=116
[4960 ms] [proc] reaped pid=2, slot recycled
[4960 ms] [boot] M26A: /bin/usbtest (pid=2) exit=0 (PASS)
[4960 ms] [elf] phdr[0] LOAD vaddr=0x0000000000400000 memsz=0x4615 filesz=0x4615 flags=R-X U -> pages [0x0000000000400000..0x0000000000405000)
[4970 ms] [elf] phdr[1] LOAD vaddr=0x0000000000405000 memsz=0xb18 filesz=0xb18 flags=R-- U -> pages [0x0000000000405000..0x0000000000406000)
[4970 ms] [elf] phdr[2] LOAD vaddr=0x0000000000406000 memsz=0x21d8 filesz=0x80 flags=RW- U -> pages [0x0000000000406000..0x0000000000409000)
[4970 ms] [elf] load OK (user): type=ET_EXEC, 3 segment(s), base=0x0000000000000000, entry=0x0000000000400000, phdr=0x0000000000000000 (3 entries)
[4970 ms] [proc] created pid=2 ppid=0 'audiotest-boot' entry=0x0000000000400000 rsp=0x00007fffffffff30 cr3=0x5b3000 kstack=0xffffd00000468270 argc=1 envc=1 cwd='/'
INFO: audiotest: no AUDIO bus devices reported by kernel
SKIP: audiotest controller: no HDA controller present (run with -device intel-hda)
SKIP: audiotest tone: no HDA controller -- run QEMU with -device intel-hda
INFO: audiotest: tone path skipped -- attach a codec via `-device hda-output` to exercise stream descriptors
[_exit] code=0 caller=0x0000000000400284
[4980 ms] [sys_exit] user requested exit, code=0 (0x0)
[4980 ms] [proc] pid=2 'audiotest-boot' exit code=0 (0x0) cpu=2 ms syscalls=15
[4990 ms] [proc] reaped pid=2, slot recycled
[4990 ms] [boot] M26A: /bin/audiotest (pid=2) exit=0 (PASS)
[4990 ms] [elf] phdr[0] LOAD vaddr=0x0000000000400000 memsz=0x45e5 filesz=0x45e5 flags=R-X U -> pages [0x0000000000400000..0x0000000000405000)
[4990 ms] [elf] phdr[1] LOAD vaddr=0x0000000000405000 memsz=0xc78 filesz=0xc78 flags=R-- U -> pages [0x0000000000405000..0x0000000000406000)
[4990 ms] [elf] phdr[2] LOAD vaddr=0x0000000000406000 memsz=0x21d8 filesz=0x80 flags=RW- U -> pages [0x0000000000406000..0x0000000000409000)
[5000 ms] [elf] load OK (user): type=ET_EXEC, 3 segment(s), base=0x0000000000000000, entry=0x0000000000400000, phdr=0x0000000000000000 (3 entries)
[5000 ms] [proc] created pid=2 ppid=0 'batterytest-boot' entry=0x0000000000400000 rsp=0x00007fffffffff30 cr3=0x5b3000 kstack=0xffffd00000468270 argc=1 envc=1 cwd='/'
INFO: batterytest: no battery devices reported by kernel
INFO: batterytest: this is expected on desktops and on QEMU x86 without -fw_cfg name=opt/tobyos/battery_mock,...
SKIP: batterytest: no ACPI battery detected (desktop or QEMU default)
INFO: batterytest: kernel reports no battery; harness treats this as success
INFO: batterytest: to inject a mock battery in QEMU, add: -fw_cfg name=opt/tobyos/battery_mock,string=state=charging,percent=75,design=50000,remaining=37500,rate=1500
[_exit] code=0 caller=0x0000000000400254
[5000 ms] [sys_exit] user requested exit, code=0 (0x0)
[5000 ms] [proc] pid=2 'batterytest-boot' exit code=0 (0x0) cpu=3 ms syscalls=12
[5010 ms] [proc] reaped pid=2, slot recycled
[5010 ms] [boot] M26A: /bin/batterytest (pid=2) exit=0 (PASS)
[5010 ms] [boot] M26A: userland 14 PASS / 0 FAIL / 0 missing of 14
[5010 ms] [boot] M27A: driving display test harness (displayinfo + drawtest + rendertest)
[5010 ms] [elf] phdr[0] LOAD vaddr=0x0000000000400000 memsz=0x48f5 filesz=0x48f5 flags=R-X U -> pages [0x0000000000400000..0x0000000000405000)
[5020 ms] [elf] phdr[1] LOAD vaddr=0x0000000000405000 memsz=0xc38 filesz=0xc38 flags=R-- U -> pages [0x0000000000405000..0x0000000000406000)
[5020 ms] [elf] phdr[2] LOAD vaddr=0x0000000000406000 memsz=0x358 filesz=0x80 flags=RW- U -> pages [0x0000000000406000..0x0000000000407000)
[5020 ms] [elf] load OK (user): type=ET_EXEC, 3 segment(s), base=0x0000000000000000, entry=0x0000000000400000, phdr=0x0000000000000000 (3 entries)
[5020 ms] [proc] created pid=2 ppid=0 'displayinfo-boot' entry=0x0000000000400000 rsp=0x00007fffffffff30 cr3=0x5b3000 kstack=0xffffd00000468270 argc=1 envc=1 cwd='/'
IDX NAME       BACKEND      RES        BPP   PITCH     FORMAT    ORIGIN       FLAGS
--- ----       -------      ---        ---   -----     ------    ------       -----
0   fb0        limine-fb    1280x800   32    5120      XRGB8888  (0,0)        P*A flips=6
PASS: displayinfo: 1 output(s); primary fb0 1280x800 backend=limine-fb layout=1280x800
[_exit] code=0 caller=0x0000000000400cd4
[5030 ms] [sys_exit] user requested exit, code=0 (0x0)
[5030 ms] [proc] pid=2 'displayinfo-boot' exit code=0 (0x0) cpu=4 ms syscalls=170
[5040 ms] [proc] reaped pid=2, slot recycled
[5040 ms] [boot] M27A: /bin/displayinfo (pid=2) exit=0 (PASS)
[5040 ms] [elf] phdr[0] LOAD vaddr=0x0000000000400000 memsz=0x48f5 filesz=0x48f5 flags=R-X U -> pages [0x0000000000400000..0x0000000000405000)
[5050 ms] [elf] phdr[1] LOAD vaddr=0x0000000000405000 memsz=0xc38 filesz=0xc38 flags=R-- U -> pages [0x0000000000405000..0x0000000000406000)
[5050 ms] [elf] phdr[2] LOAD vaddr=0x0000000000406000 memsz=0x358 filesz=0x80 flags=RW- U -> pages [0x0000000000406000..0x0000000000407000)
[5050 ms] [elf] load OK (user): type=ET_EXEC, 3 segment(s), base=0x0000000000000000, entry=0x0000000000400000, phdr=0x0000000000000000 (3 entries)
[5050 ms] [proc] created pid=2 ppid=0 'displayinfo-json' entry=0x0000000000400000 rsp=0x00007fffffffff20 cr3=0x5b3000 kstack=0xffffd00000468270 argc=2 envc=1 cwd='/'
{"idx":0,"name":"fb0","backend":"limine-fb","backend_id":1,"width":1280,"height":800,"bpp":32,"pitch_bytes":5120,"pixel_format":1,"origin_x":0,"origin_y":0,"flags":"P*A","flips":6}
{"layout":{"x":0,"y":0,"w":1280,"h":800,"count":1}}
PASS: displayinfo: 1 output(s) layout=1280x800
[_exit] code=0 caller=0x0000000000400cd4
[5060 ms] [sys_exit] user requested exit, code=0 (0x0)
[5060 ms] [proc] pid=2 'displayinfo-json' exit code=0 (0x0) cpu=2 ms syscalls=48
[5060 ms] [proc] reaped pid=2, slot recycled
[5060 ms] [boot] M27A: /bin/displayinfo (pid=2) exit=0 (PASS)
[5060 ms] [elf] phdr[0] LOAD vaddr=0x0000000000400000 memsz=0x4bb5 filesz=0x4bb5 flags=R-X U -> pages [0x0000000000400000..0x0000000000405000)
[5070 ms] [elf] phdr[1] LOAD vaddr=0x0000000000405000 memsz=0xcb8 filesz=0xcb8 flags=R-- U -> pages [0x0000000000405000..0x0000000000406000)
[5070 ms] [elf] phdr[2] LOAD vaddr=0x0000000000406000 memsz=0x4e8 filesz=0x80 flags=RW- U -> pages [0x0000000000406000..0x0000000000407000)
[5070 ms] [elf] load OK (user): type=ET_EXEC, 3 segment(s), base=0x0000000000000000, entry=0x0000000000400000, phdr=0x0000000000000000 (3 entries)
[5080 ms] [proc] created pid=2 ppid=0 'drawtest-boot' entry=0x0000000000400000 rsp=0x00007fffffffff30 cr3=0x5b3000 kstack=0xffffd00000468270 argc=1 envc=1 cwd='/'
[5080 ms] [trace t=508 pid=2] [5080 ms] window_create wid=2 owner_pid=2 size=320x240 pos=(88,68) title='drawtest'[5080 ms] 
PASS: drawtest: 49 primitive(s) ran cleanly; 320x240 window flipped
[_exit] code=0 caller=0x0000000000400f94
[5090 ms] [sys_exit] user requested exit, code=0 (0x0)
[5090 ms] [trace t=509 pid=2] [5090 ms] window_close wid=2 owner_pid=2 title='drawtest'[5090 ms] 
[5090 ms] [proc] pid=2 'drawtest-boot' exit code=0 (0x0) cpu=2 ms syscalls=61
[5090 ms] [proc] reaped pid=2, slot recycled
[5090 ms] [boot] M27A: /bin/drawtest (pid=2) exit=0 (PASS)
[5090 ms] [elf] phdr[0] LOAD vaddr=0x0000000000400000 memsz=0x54c5 filesz=0x54c5 flags=R-X U -> pages [0x0000000000400000..0x0000000000406000)
[5100 ms] [elf] phdr[1] LOAD vaddr=0x0000000000406000 memsz=0x11a8 filesz=0x11a8 flags=R-- U -> pages [0x0000000000406000..0x0000000000408000)
[5100 ms] [elf] phdr[2] LOAD vaddr=0x0000000000408000 memsz=0x35c filesz=0x80 flags=RW- U -> pages [0x0000000000408000..0x0000000000409000)
[5100 ms] [elf] load OK (user): type=ET_EXEC, 3 segment(s), base=0x0000000000000000, entry=0x0000000000400000, phdr=0x0000000000000000 (3 entries)
[5100 ms] [proc] created pid=2 ppid=0 'rendertest-boot' entry=0x0000000000400000 rsp=0x00007fffffffff30 cr3=0x5b3000 kstack=0xffffd000004911b0 argc=1 envc=1 cwd='/'
[PASS] rendertest basic      -- fb0 1280x800 backend=limine-fb flips=6
[PASS] rendertest geometry   -- bpp=32 pitch=5120 (>=min 5120)
[5110 ms] [trace t=511 pid=2] [5110 ms] window_create wid=2 owner_pid=2 size=160x100 pos=(116,96) title='rt-prim'[5110 ms] 
[5110 ms] [trace t=511 pid=2] [5110 ms] window_close wid=2 owner_pid=2 title='rt-prim'[5110 ms] 
[PASS] rendertest primitives -- 5 primitives + flip + close OK
[5110 ms] [trace t=511 pid=2] [5110 ms] window_create wid=2 owner_pid=2 size=120x80 pos=(144,124) title='rt-back'[5110 ms] 
[5110 ms] [trace t=511 pid=2] [5110 ms] window_create wid=3 owner_pid=2 size=120x80 pos=(172,152) title='rt-front'[5110 ms] 
[5110 ms] [trace t=511 pid=2] [5110 ms] window_close wid=3 owner_pid=2 title='rt-front'[5110 ms] 
[5110 ms] [trace t=511 pid=2] [5120 ms] window_close wid=2 owner_pid=2 title='rt-back'[5120 ms] 
[PASS] rendertest overlap    -- two stacked 120x80 windows flipped + closed
[5120 ms] [trace t=512 pid=2] [5120 ms] window_create wid=2 owner_pid=2 size=80x60 pos=(200,180) title='rt-cursor'[5120 ms] 
[5120 ms] [trace t=512 pid=2] [5120 ms] window_close wid=2 owner_pid=2 title='rt-cursor'[5120 ms] 
[FAIL] rendertest cursor     -- flip counter did not advance (6 -> 6) -- compositor stuck?
[PASS] rendertest backend    -- backend=limine-fb id=1 (mapped=limine-fb) bpp=32 pitch=5120
[5130 ms] [trace t=513 pid=2] [5130 ms] window_create wid=2 owner_pid=2 size=320x220 pos=(228,208) title='rt-alpha'[5130 ms] 
[5130 ms] [trace t=513 pid=2] [5130 ms] window_close wid=2 owner_pid=2 title='rt-alpha'[5130 ms] 
[PASS] rendertest alpha      -- 6 ARGB overlays committed (3 translucent + 3 edge cases)
[SKIP] rendertest font       -- anti-aliased / large fonts arrive in M27D
[5130 ms] [trace t=513 pid=2] [5130 ms] window_create wid=2 owner_pid=2 size=160x100 pos=(256,236) title='rt-dirty'[5130 ms] 
[5130 ms] [trace t=513 pid=2] [5130 ms] window_close wid=2 owner_pid=2 title='rt-dirty'[5130 ms] 
[PASS] rendertest dirty      -- flips +0 (full+0 partial+0); compositor frames +0 (baseline: total=7 partial=2)
FAIL: rendertest: pass=7 skip=1 fail=1 (total=9)
[_exit] code=1 caller=0x00000000004018a4
[5140 ms] [sys_exit] user requested exit, code=1 (0x1)
[5140 ms] [proc] pid=2 'rendertest-boot' exit code=1 (0x1) cpu=14 ms syscalls=161
[5140 ms] [proc] reaped pid=2, slot recycled
[5140 ms] [boot] M27A: /bin/rendertest (pid=2) exit=1 (FAIL)
[5140 ms] [elf] phdr[0] LOAD vaddr=0x0000000000400000 memsz=0x4416 filesz=0x4416 flags=R-X U -> pages [0x0000000000400000..0x0000000000405000)
[5150 ms] [elf] phdr[1] LOAD vaddr=0x0000000000405000 memsz=0x920 filesz=0x920 flags=R-- U -> pages [0x0000000000405000..0x0000000000406000)
[5150 ms] [elf] phdr[2] LOAD vaddr=0x0000000000406000 memsz=0x1dc filesz=0x80 flags=RW- U -> pages [0x0000000000406000..0x0000000000407000)
[5160 ms] [elf] load OK (user): type=ET_EXEC, 3 segment(s), base=0x0000000000000000, entry=0x0000000000400000, phdr=0x0000000000000000 (3 entries)
[5160 ms] [proc] created pid=2 ppid=0 'fonttest-boot' entry=0x0000000000400000 rsp=0x00007fffffffff30 cr3=0x5b3000 kstack=0xffffd000004dd1b0 argc=1 envc=1 cwd='/'
[5160 ms] [trace t=516 pid=2] [5160 ms] window_create wid=2 owner_pid=2 size=320x200 pos=(284,264) title='ft-bitmap'[5160 ms] 
[5160 ms] [trace t=516 pid=2] [5160 ms] window_close wid=2 owner_pid=2 title='ft-bitmap'[5160 ms] 
[PASS] fonttest bitmap     -- 8x8 legacy path
[5160 ms] [trace t=516 pid=2] [5160 ms] window_create wid=2 owner_pid=2 size=320x200 pos=(312,292) title='ft-s2'[5170 ms] 
[5170 ms] [trace t=517 pid=2] [5170 ms] window_close wid=2 owner_pid=2 title='ft-s2'[5170 ms] 
[PASS] fonttest scale2     -- 16x16 cell
[5170 ms] [trace t=517 pid=2] [5170 ms] window_create wid=2 owner_pid=2 size=320x200 pos=(340,320) title='ft-s4'[5170 ms] 
[5170 ms] [trace t=517 pid=2] [5170 ms] window_close wid=2 owner_pid=2 title='ft-s4'[5170 ms] 
[PASS] fonttest scale4     -- 32x32 cell
[5170 ms] [trace t=517 pid=2] [5170 ms] window_create wid=2 owner_pid=2 size=320x200 pos=(368,348) title='ft-sm'[5170 ms] 
[5170 ms] [trace t=517 pid=2] [5170 ms] window_close wid=2 owner_pid=2 title='ft-sm'[5170 ms] 
[PASS] fonttest smooth     -- 32x32 + corner smoothing
[5180 ms] [trace t=518 pid=2] [5180 ms] window_create wid=2 owner_pid=2 size=320x200 pos=(396,376) title='ft-mixed'[5180 ms] 
[5180 ms] [trace t=518 pid=2] [5180 ms] window_close wid=2 owner_pid=2 title='ft-mixed'[5180 ms] 
[PASS] fonttest mixed      -- letters/numbers/symbols + multiline
[5180 ms] [trace t=518 pid=2] [5180 ms] window_create wid=2 owner_pid=2 size=320x200 pos=(424,404) title='ft-clamp'[5180 ms] 
[5180 ms] [trace t=518 pid=2] [5180 ms] window_close wid=2 owner_pid=2 title='ft-clamp'[5180 ms] 
[PASS] fonttest clamp      -- scale=0 -> 1, scale=99 -> 32
[fonttest] 6/6 PASS (0 FAIL)
[_exit] code=0 caller=0x0000000000400664
[5190 ms] [sys_exit] user requested exit, code=0 (0x0)
[5190 ms] [proc] pid=2 'fonttest-boot' exit code=0 (0x0) cpu=11 ms syscalls=114
[5190 ms] [proc] reaped pid=2, slot recycled
[5190 ms] [boot] M27A: /bin/fonttest (pid=2) exit=0 (PASS)
[5190 ms] [boot] M27A: display 4 PASS / 1 FAIL / 0 missing of 5
[5190 ms] [display] 1 output(s) registered (primary idx=0) layout=1280x800@(0,0)
[5190 ms] [INFO] display: fb0 (primary) 1280x800@(0,0) pitch=5120 bpp=32 fmt=1 backend=limine-fb flips=6
[5190 ms] [boot] M28A: driving logging harness (slog ring + logview)
[5190 ms] [5190] INFO  kernel   pid=0: M28A_TAG kernel info trace
[5190 ms] [5190] WARN  fs       pid=0: M28A_TAG fs warn trace
[5190 ms] [5190] ERROR net      pid=0: M28A_TAG net error trace
[5190 ms] [5190] INFO  gui      pid=0: M28A_TAG gui info trace
[5190 ms] [5190] INFO  driver   pid=0: M28A_TAG driver info trace
[5190 ms] [5190] INFO  display  pid=0: M28A_TAG display info trace
[5190 ms] [5190] INFO  audio    pid=0: M28A_TAG audio info trace
[5190 ms] [5190] WARN  svc      pid=0: M28A_TAG svc warn trace
[5190 ms] [5190] ERROR panic    pid=0: M28A_TAG panic-test (synthetic, no halt)
[5220 ms] [boot] M28A: slog persist PASS path=/data/system.log
[5220 ms] [boot] M28A: slog stats emitted=27 dropped=0 in_use=27 depth=256 err=3 warn=2 info=21 debug=1
[5220 ms] [elf] phdr[0] LOAD vaddr=0x0000000000400000 memsz=0x4bff filesz=0x4bff flags=R-X U -> pages [0x0000000000400000..0x0000000000405000)
[5230 ms] [elf] phdr[1] LOAD vaddr=0x0000000000405000 memsz=0xc70 filesz=0xc70 flags=R-- U -> pages [0x0000000000405000..0x0000000000406000)
[5230 ms] [elf] phdr[2] LOAD vaddr=0x0000000000406000 memsz=0x101d8 filesz=0x80 flags=RW- U -> pages [0x0000000000406000..0x0000000000417000)
[5230 ms] [elf] load OK (user): type=ET_EXEC, 3 segment(s), base=0x0000000000000000, entry=0x0000000000400000, phdr=0x0000000000000000 (3 entries)
[5230 ms] [proc] created pid=2 ppid=0 'logview-boot' entry=0x0000000000400000 rsp=0x00007fffffffff20 cr3=0x5b3000 kstack=0xffffd000004dd1b0 argc=2 envc=1 cwd='/'
M28A_LOGVIEW: ring=27 tags=10 kernel=1 fs=1 net=1 gui=1 emitted=27 dropped=0 in_use=27 depth=256
SEQ     TIME(ms)   LEVEL SUB        PID   MESSAGE
-----   --------   ----- ---        ---   -------
18      5190       INFO  kernel     0     M28A_TAG kernel info trace
19      5190       WARN  fs         0     M28A_TAG fs warn trace
20      5190       ERROR net        0     M28A_TAG net error trace
21      5190       INFO  gui        0     M28A_TAG gui info trace
22      5190       INFO  driver     0     M28A_TAG driver info trace
23      5190       DEBUG proc       0     M28A_TAG proc debug trace (gated)
24      5190       INFO  display    0     M28A_TAG display info trace
25      5190       INFO  audio      0     M28A_TAG audio info trace
26      5190       WARN  svc        0     M28A_TAG svc warn trace
27      5190       ERROR panic      0     M28A_TAG panic-test (synthetic, no halt)
[5260 ms] [5260] INFO  user     pid=2: M28A_TAG logview boot write
M28A_LOGVIEW: PASS
[_exit] code=0 caller=0x00000000004011d4
[5260 ms] [sys_exit] user requested exit, code=0 (0x0)
[5260 ms] [proc] pid=2 'logview-boot' exit code=0 (0x0) cpu=9 ms syscalls=412
[5270 ms] [proc] reaped pid=2, slot recycled
[5270 ms] [boot] M28A: /bin/logview (pid=2) exit=0 (PASS)
[5270 ms] [boot] M28A: logging harness complete
[5270 ms] [boot] M29A: driving hwinfo harness (snapshot + persist + /bin/hwinfo --boot)
[5270 ms] [hwinfo] === hardware inventory ===
[5270 ms] [hwinfo] cpu='QEMU TCG CPU version 2.5+' family=6 model=6 step=3 count=1
[5270 ms] [hwinfo] feat=fpu tsc msr pae apic sse sse2 ht lm hyper nx
[5270 ms] [hwinfo] mem: total=32618 pg used=3786 pg free=28832 pg
[5270 ms] [hwinfo] bus: pci=6 usb=0 blk=1 input=2 audio=0 battery=0 hub=0 display=1
[5270 ms] [hwinfo] mode=normal profile=vm abi=1 epoch=1
[5280 ms] [boot] M29A: prior snapshot READABLE (size=1953 bytes, from previous boot)
[5300 ms] [5300] INFO  hw       pid=0: hwinfo: persisted 1187 bytes -> /data/hwinfo.snap
[5300 ms] [boot] M29A: hwinfo persist PASS bytes=1187 path=/data/hwinfo.snap
[5300 ms] [boot] M29A: snapshot epoch=3 cpu_count=1 mem_total_pg=32618 pci=6 usb=0 blk=1 disp=1 input=2 audio=0 battery=0 hub=0 profile=vm
[5310 ms] [elf] phdr[0] LOAD vaddr=0x0000000000400000 memsz=0x4a19 filesz=0x4a19 flags=R-X U -> pages [0x0000000000400000..0x0000000000405000)
[5320 ms] [elf] phdr[1] LOAD vaddr=0x0000000000405000 memsz=0xf78 filesz=0xf78 flags=R-- U -> pages [0x0000000000405000..0x0000000000406000)
[5320 ms] [elf] phdr[2] LOAD vaddr=0x0000000000406000 memsz=0x1d8 filesz=0x80 flags=RW- U -> pages [0x0000000000406000..0x0000000000407000)
[5320 ms] [elf] load OK (user): type=ET_EXEC, 3 segment(s), base=0x0000000000000000, entry=0x0000000000400000, phdr=0x0000000000000000 (3 entries)
[5320 ms] [proc] created pid=2 ppid=0 'hwinfo-boot' entry=0x0000000000400000 rsp=0x00007fffffffff20 cr3=0x5b3000 kstack=0xffffd000004dd1b0 argc=2 envc=1 cwd='/'
M29A_HW: abi=1 profile=vm safe=0
M29A_HW: cpu_count=1 family=6 model=6 step=3 feat=0xf6000271 vendor=AuthenticAMD
M29A_HW: mem_total_pg=32618 mem_used_pg=3804 mem_free_pg=28814
M29A_HW: bus pci=6 usb=0 blk=1 input=2 audio=0 battery=0 hub=0 display=1
M29A_HW: PASS
[_exit] code=0 caller=0x0000000000400dd4
[5330 ms] [sys_exit] user requested exit, code=0 (0x0)
[5330 ms] [proc] pid=2 'hwinfo-boot' exit code=0 (0x0) cpu=2 ms syscalls=48
[5330 ms] [proc] reaped pid=2, slot recycled
[5330 ms] [boot] M29A: /bin/hwinfo (pid=2) exit=0 (PASS)
[5330 ms] [boot] M29A: hwinfo harness complete
[5330 ms] [boot] M29B: driving drvmatch harness (query + fallback + /bin/drvmatch --boot)
[5330 ms] [drvmatch] === driver match table ===
[5330 ms] [drvmatch] total=6 bound=2 unbound=4 forced_off=0
[5330 ms] [drvmatch] PCI 00:00.0 8086:1237 cls=06.00 drv=(none) strat=NONE
[5340 ms] [drvmatch] PCI 00:01.0 8086:7000 cls=06.01 drv=(none) strat=NONE
[5340 ms] [drvmatch] PCI 00:01.1 8086:7010 cls=01.01 drv=blk_ata strat=GENERIC
[5340 ms] [drvmatch] PCI 00:01.3 8086:7113 cls=06.80 drv=(none) strat=NONE
[5340 ms] [drvmatch] PCI 00:02.0 1234:1111 cls=03.00 drv=(none) strat=NONE
[5340 ms] [drvmatch] PCI 00:03.0 8086:100e cls=02.00 drv=e1000 strat=EXACT
[5340 ms] [boot] M29B: drvmatch total=6 bound=2 unbound=4 forced_off=0
[5340 ms] [elf] phdr[0] LOAD vaddr=0x0000000000400000 memsz=0x5319 filesz=0x5319 flags=R-X U -> pages [0x0000000000400000..0x0000000000406000)
[5350 ms] [elf] phdr[1] LOAD vaddr=0x0000000000406000 memsz=0x1258 filesz=0x1258 flags=R-- U -> pages [0x0000000000406000..0x0000000000408000)
[5350 ms] [elf] phdr[2] LOAD vaddr=0x0000000000408000 memsz=0x1d8 filesz=0x80 flags=RW- U -> pages [0x0000000000408000..0x0000000000409000)
[5350 ms] [elf] load OK (user): type=ET_EXEC, 3 segment(s), base=0x0000000000000000, entry=0x0000000000400000, phdr=0x0000000000000000 (3 entries)
[5360 ms] [proc] created pid=2 ppid=0 'drvmatch-boot' entry=0x0000000000400000 rsp=0x00007fffffffff20 cr3=0x5b3000 kstack=0xffffd000004dd1b0 argc=2 envc=1 cwd='/'
M29B_DRV: bogus probe pci dead:beef rc=-1 errno=2 strat=NONE -> PASS
M29B_DRV: bogus probe usb dead:beef rc=-1 errno=2 strat=NONE -> PASS
M29B_DRV: bogus probe bad-bus rc=-1 errno=22 -> PASS
M29B_DRV: pci total=6 bound=2 none=4 exact=1 class=0 generic=1
M29B_DRV: usb total=0 bound=0 none=0
M29B_DRV: malformed=0
M29B_DRV: PASS
[_exit] code=0 caller=0x00000000004010f4
[5360 ms] [sys_exit] user requested exit, code=0 (0x0)
[5360 ms] [proc] pid=2 'drvmatch-boot' exit code=0 (0x0) cpu=3 ms syscalls=64
[5370 ms] [proc] reaped pid=2, slot recycled
[5370 ms] [boot] M29B: /bin/drvmatch (pid=2) exit=0 (PASS)
[5370 ms] [boot] M29B: forced-disable test SKIPPED (no /etc/drvtest_now)
[5370 ms] [boot] M29B: drvmatch harness complete
[5370 ms] [boot] M35F: driving hwreport harness (/bin/hwreport --boot)
[5370 ms] [elf] phdr[0] LOAD vaddr=0x0000000000400000 memsz=0x4fb9 filesz=0x4fb9 flags=R-X U -> pages [0x0000000000400000..0x0000000000405000)
[5380 ms] [elf] phdr[1] LOAD vaddr=0x0000000000405000 memsz=0x1418 filesz=0x1418 flags=R-- U -> pages [0x0000000000405000..0x0000000000407000)
[5380 ms] [elf] phdr[2] LOAD vaddr=0x0000000000407000 memsz=0x1d8 filesz=0x80 flags=RW- U -> pages [0x0000000000407000..0x0000000000408000)
[5380 ms] [elf] load OK (user): type=ET_EXEC, 3 segment(s), base=0x0000000000000000, entry=0x0000000000400000, phdr=0x0000000000000000 (3 entries)
[5380 ms] [proc] created pid=2 ppid=0 'hwreport-boot' entry=0x0000000000400000 rsp=0x00007fffffffff20 cr3=0x5b3000 kstack=0xffffd000004dd1b0 argc=2 envc=1 cwd='/'
M35F_HWR: boot_mode=normal profile=vm
M35F_HWR: total=6 pci=6 usb=0 supported=2 partial=3 unsupported=1 unknown=0
M35F_HWR: bound pci=2 usb=0 probe_failed=0 forced_off=0
M35F_HWR: verdict=YELLOW
M35F_HWR: PASS
[_exit] code=0 caller=0x0000000000401374
[5390 ms] [sys_exit] user requested exit, code=0 (0x0)
[5390 ms] [proc] pid=2 'hwreport-boot' exit code=0 (0x0) cpu=2 ms syscalls=37
[5390 ms] [proc] reaped pid=2, slot recycled
[5390 ms] [boot] M35F: /bin/hwreport (pid=2) exit=0 (PASS)
[5390 ms] [boot] M35F: hwreport harness complete
[5390 ms] [boot] M35G: driving compattest harness (/bin/compattest --boot)
[5390 ms] [elf] phdr[0] LOAD vaddr=0x0000000000400000 memsz=0x61d9 filesz=0x61d9 flags=R-X U -> pages [0x0000000000400000..0x0000000000407000)
[5410 ms] [elf] phdr[1] LOAD vaddr=0x0000000000407000 memsz=0x2188 filesz=0x2188 flags=R-- U -> pages [0x0000000000407000..0x000000000040a000)
[5410 ms] [elf] phdr[2] LOAD vaddr=0x000000000040a000 memsz=0x5b48 filesz=0x80 flags=RW- U -> pages [0x000000000040a000..0x0000000000410000)
[5410 ms] [elf] load OK (user): type=ET_EXEC, 3 segment(s), base=0x0000000000000000, entry=0x0000000000400000, phdr=0x0000000000000000 (3 entries)
[5410 ms] [proc] created pid=2 ppid=0 'compattest-boot' entry=0x0000000000400000 rsp=0x00007fffffffff20 cr3=0x5b3000 kstack=0xffffd000004dd1b0 argc=2 envc=1 cwd='/'
[5410 ms] [5410] INFO  compat   pid=2: M35G_CMP: no_crashes round-trip sentinel
M35G_CMP: SYSTEM_BOOT: PASS reason="abi=1 cpu='AuthenticAMD' mem=32618 pg epoch=6"
M35G_CMP: DRIVER_MATCH: PASS reason="pci_bound=2/6 with_driver=2"
M35G_CMP: FALLBACK_PATHS: PASS reason="bogus probe ENOENT ok; class/generic seen=yes"
M35G_CMP: NETWORK: PASS reason="net_bound=1/1 driver=e1000"
M35G_CMP: STORAGE: PASS reason="blk_devs=1 hwinfo_blk_count=1 first='ide0:master'"
M35G_CMP: USB_INPUT: SKIPPED_REAL_HARDWARE_REQUIRED reason="no USB stack online (no devices in compat)"
M35G_CMP: LOG_CAPTURE: PASS reason="total_emitted=29 read=16 loud=16"
M35G_CMP: NO_CRASHES: PASS reason="slog round-trip ok; bogus drvmatch ENOENT ok"
M35G_CMP: VERDICT: PASS pass=7 fail=0 skipped=1
[_exit] code=0 caller=0x0000000000401bd4
[5430 ms] [sys_exit] user requested exit, code=0 (0x0)
[5430 ms] [proc] pid=2 'compattest-boot' exit code=0 (0x0) cpu=6 ms syscalls=78
[5430 ms] [proc] reaped pid=2, slot recycled
[5430 ms] [boot] M35G: /bin/compattest (pid=2) exit=0 (PASS)
[5430 ms] [boot] M35G: compattest harness complete
[5430 ms] [boot] M28B: crash dump present (793 bytes) -- running crashinfo
[5430 ms] [elf] phdr[0] LOAD vaddr=0x0000000000400000 memsz=0x4536 filesz=0x4536 flags=R-X U -> pages [0x0000000000400000..0x0000000000405000)
[5440 ms] [elf] phdr[1] LOAD vaddr=0x0000000000405000 memsz=0xb70 filesz=0xb70 flags=R-- U -> pages [0x0000000000405000..0x0000000000406000)
[5450 ms] [elf] phdr[2] LOAD vaddr=0x0000000000406000 memsz=0x401d8 filesz=0x80 flags=RW- U -> pages [0x0000000000406000..0x0000000000447000)
[5450 ms] [elf] load OK (user): type=ET_EXEC, 3 segment(s), base=0x0000000000000000, entry=0x0000000000400000, phdr=0x0000000000000000 (3 entries)
[5450 ms] [proc] created pid=2 ppid=0 'crashinfo-boot' entry=0x0000000000400000 rsp=0x00007fffffffff20 cr3=0x5b3000 kstack=0xffffd000004dd1b0 argc=2 envc=1 cwd='/'
M28B_CRASHINFO: header.magic=0x48535243 version=1 body_bytes=601 boot_seq=1 pid=0
M28B_CRASHINFO: reason="unhandled exception 14 (Page Fault)"
M28B_CRASHINFO: body_preview_begin
tobyOS crash dump
  panic at: src/isr.c:97
  reason  : unhandled exception 14 (Page Fault)
  pid     : 0 (kernel_main)
  regs:
  rax=0000000000000000 rbx=0000000000000000 rcx=000000000000000e rdx=ffffffff8008e62e
  rsi=0000000000000061 rdi=ffffffff8008b7ad rbp=ffff800007f8e790 rsp=ffff800007f8d540
  r8 =ffffffff80088d7a r9 =0000000000000000 r10=00000000270a2900 r11=0000000000001400
  r12=000000000000002c r13=ffffffffffffffd4 r14=ffffffff8008b7ad r15=0000000000000061
  rip=ffffffff800096d0 rfl=0000000000000097
  cr0=0000000080010011 cr2=ffffffff801f8000 cr3=0000000000062000 cr4=0000000000000020
M28B_CRASHINFO: body_preview_end
M28B_CRASHINFO: heuristics regs=1 slog=0
M28B_CRASHINFO: PASS
[_exit] code=0 caller=0x0000000000400ef4
[5490 ms] [sys_exit] user requested exit, code=0 (0x0)
[5490 ms] [proc] pid=2 'crashinfo-boot' exit code=0 (0x0) cpu=14 ms syscalls=628
[5490 ms] [proc] reaped pid=2, slot recycled
[5490 ms] [boot] M28B: /bin/crashinfo (pid=2) exit=0 (PASS)
[5500 ms] [boot] M28E: /data mounted -- spawning /bin/fscheck --boot
[5500 ms] [elf] phdr[0] LOAD vaddr=0x0000000000400000 memsz=0x44f9 filesz=0x44f9 flags=R-X U -> pages [0x0000000000400000..0x0000000000405000)
[5510 ms] [elf] phdr[1] LOAD vaddr=0x0000000000405000 memsz=0xb80 filesz=0xb80 flags=R-- U -> pages [0x0000000000405000..0x0000000000406000)
[5510 ms] [elf] phdr[2] LOAD vaddr=0x0000000000406000 memsz=0x1d8 filesz=0x80 flags=RW- U -> pages [0x0000000000406000..0x0000000000407000)
[5510 ms] [elf] load OK (user): type=ET_EXEC, 3 segment(s), base=0x0000000000000000, entry=0x0000000000400000, phdr=0x0000000000000000 (3 entries)
[5520 ms] [proc] created pid=2 ppid=0 'fscheck-boot' entry=0x0000000000400000 rsp=0x00007fffffffff10 cr3=0x5b3000 kstack=0xffffd000004dd1b0 argc=3 envc=1 cwd='/'
M28E_FSCHECK: path=/data fs_type=tobyfs status=OK errors_found=0 errors_repaired=0 total_bytes=4194304 free_bytes=3977216
M28E_FSCHECK: detail=""
M28E_FSCHECK: PASS
[_exit] code=0 caller=0x0000000000400e34
[5540 ms] [sys_exit] user requested exit, code=0 (0x0)
[5540 ms] [proc] pid=2 'fscheck-boot' exit code=0 (0x0) cpu=11 ms syscalls=21
[5540 ms] [proc] reaped pid=2, slot recycled
[5540 ms] [boot] M28E: /bin/fscheck (pid=2) exit=0 (PASS)
[5540 ms] [elf] phdr[0] LOAD vaddr=0x0000000000400000 memsz=0x45b2 filesz=0x45b2 flags=R-X U -> pages [0x0000000000400000..0x0000000000405000)
[5550 ms] [elf] phdr[1] LOAD vaddr=0x0000000000405000 memsz=0xd38 filesz=0xd38 flags=R-- U -> pages [0x0000000000405000..0x0000000000406000)
[5560 ms] [elf] phdr[2] LOAD vaddr=0x0000000000406000 memsz=0x1d8 filesz=0x80 flags=RW- U -> pages [0x0000000000406000..0x0000000000407000)
[5560 ms] [elf] load OK (user): type=ET_EXEC, 3 segment(s), base=0x0000000000000000, entry=0x0000000000400000, phdr=0x0000000000000000 (3 entries)
[5560 ms] [proc] created pid=2 ppid=0 'services-boot' entry=0x0000000000400000 rsp=0x00007fffffffff20 cr3=0x5b3000 kstack=0xffffd000004dd1b0 argc=2 envc=1 cwd='/'
M28F_SERVICES: name=input state=running kind=builtin pid=0 rcnt=0 ccnt=0 last_exit=0 backoff_until_ms=0
M28F_SERVICES: name=network state=running kind=builtin pid=0 rcnt=0 ccnt=0 last_exit=0 backoff_until_ms=0
M28F_SERVICES: name=desktop state=running kind=builtin pid=0 rcnt=0 ccnt=0 last_exit=0 backoff_until_ms=0
M28F_SERVICES: name=session state=running kind=builtin pid=0 rcnt=0 ccnt=0 last_exit=0 backoff_until_ms=0
M28F_SERVICES: name=login state=running kind=program pid=1 rcnt=1 ccnt=0 last_exit=0 backoff_until_ms=0
M28F_SERVICES: PASS (registry has 5 records, no crash test)
[_exit] code=0 caller=0x0000000000400ed4
[5570 ms] [sys_exit] user requested exit, code=0 (0x0)
[5570 ms] [proc] pid=2 'services-boot' exit code=0 (0x0) cpu=4 ms syscalls=91
[5570 ms] [proc] reaped pid=2, slot recycled
[5570 ms] [boot] M28F: /bin/services (pid=2) exit=0 (PASS)
[5570 ms] [elf] phdr[0] LOAD vaddr=0x0000000000400000 memsz=0x4987 filesz=0x4987 flags=R-X U -> pages [0x0000000000400000..0x0000000000405000)
[5580 ms] [elf] phdr[1] LOAD vaddr=0x0000000000405000 memsz=0xdf0 filesz=0xdf0 flags=R-- U -> pages [0x0000000000405000..0x0000000000406000)
[5590 ms] [elf] phdr[2] LOAD vaddr=0x0000000000406000 memsz=0x1d8 filesz=0x80 flags=RW- U -> pages [0x0000000000406000..0x0000000000407000)
[5590 ms] [elf] load OK (user): type=ET_EXEC, 3 segment(s), base=0x0000000000000000, entry=0x0000000000400000, phdr=0x0000000000000000 (3 entries)
[5590 ms] [proc] created pid=2 ppid=0 'stabilitytest-boot' entry=0x0000000000400000 rsp=0x00007fffffffff20 cr3=0x5b3000 kstack=0xffffd000004dd1b0 argc=2 envc=1 cwd='/'
M28G_STAB: probe=boot verdict=PASS
M28G_STAB: probe=log verdict=PASS
M28G_STAB: probe=panic verdict=PASS
M28G_STAB: probe=watchdog verdict=PASS
M28G_STAB: probe=filesystem verdict=PASS
M28G_STAB: probe=services verdict=PASS
M28G_STAB: probe=gui verdict=PASS
M28G_STAB: probe=terminal verdict=PASS
M28G_STAB: probe=network verdict=PASS
M28G_STAB: probe=input verdict=PASS
M28G_STAB: probe=safe_mode verdict=PASS
M28G_STAB: probe=display verdict=PASS
M28G_STAB: detail=boot:normal log:emit=30 drop=0 panic:ready wdog:age=0/to=10000 fs:ok i=20/256 b=42/1013 svc:n=5 bad=0 gui:active term:ok net:up input:up safe:ready disp:1 
M28G_STAB: stress=skipped safe_mode=0 boot_ms=2763
M28G_STAB: PASS pass=12 fail=0
[_exit] code=0 caller=0x00000000004011d4
[5630 ms] [sys_exit] user requested exit, code=0 (0x0)
[5630 ms] [proc] pid=2 'stabilitytest-boot' exit code=0 (0x0) cpu=19 ms syscalls=78
[5630 ms] [proc] reaped pid=2, slot recycled
[5630 ms] [boot] M28G: /bin/stabilitytest --boot pid=2 exit=0 (PASS)
[5630 ms] [5630] INFO  kernel   pid=0: M28G stability self-test PASS (pid=2)
[6160 ms] [bootlog] wrote /data/boot.log (60000 bytes payload + 72 header)
[6160 ms] [bootlog] no FAT32 USB at /usb — skipping BOOTLOG.TXT
[6160 ms] [bootlog] flush complete (ram cap=262144 overflow=0)
[6160 ms] [trace t=616 pid=0] [6160 ms] heartbeat windows=1 apps_alive=1 cursor=(640,400) btn=0x00 dirty=1 menu=0 desktop=1[6160 ms] 
[6180 ms] [bootlog] net upload: sent 104181 bytes to 192.168.68.74:40123/udp
[6180 ms] [bootlog] (deferred) no FAT32 USB at /usb — skipping BOOTLOG.TXT
[6180 ms] [bootlog] deferred USB flush done (ram cap=262144 overflow=0)
[7160 ms] [trace t=716 pid=0] [7160 ms] heartbeat windows=1 apps_alive=1 cursor=(640,400) btn=0x00 dirty=0 menu=0 desktop=1[7160 ms] 
[8160 ms] [trace t=816 pid=0] [8160 ms] heartbeat windows=1 apps_alive=1 cursor=(640,400) btn=0x00 dirty=0 menu=0 desktop=1[8160 ms] 
[8440 ms] [trace t=844 pid=0] [8440 ms] toast id=2 expired[8440 ms] 
[8440 ms] [trace t=844 pid=0] [8440 ms] toast new id=8 urg=1 app='hotplug' title='Device removed: selftest-detach'[8440 ms] 
[9160 ms] [trace t=916 pid=0] [9160 ms] heartbeat windows=1 apps_alive=1 cursor=(640,400) btn=0x00 dirty=0 menu=0 desktop=1[9160 ms] 
[10160 ms] [trace t=1016 pid=0] [10160 ms] heartbeat windows=1 apps_alive=1 cursor=(640,400) btn=0x00 dirty=0 menu=0 desktop=1[10160 ms] 
[11160 ms] [trace t=1116 pid=0] [11160 ms] heartbeat windows=1 apps_alive=1 cursor=(640,400) btn=0x00 dirty=0 menu=0 desktop=1[11160 ms] 
[12160 ms] [trace t=1216 pid=0] [12160 ms] heartbeat windows=1 apps_alive=1 cursor=(640,400) btn=0x00 dirty=0 menu=0 desktop=1[12160 ms] 
[12440 ms] [trace t=1244 pid=0] [12440 ms] toast id=8 expired[12440 ms] 
[12440 ms] [trace t=1244 pid=0] [12440 ms] toast new id=7 urg=0 app='hotplug' title='Device attached: selftest-attach'[12440 ms] 
[13160 ms] [trace t=1316 pid=0] [13160 ms] heartbeat windows=1 apps_alive=1 cursor=(640,400) btn=0x00 dirty=0 menu=0 desktop=1[13160 ms] 
[14160 ms] [trace t=1416 pid=0] [14160 ms] heartbeat windows=1 apps_alive=1 cursor=(640,400) btn=0x00 dirty=0 menu=0 desktop=1[14160 ms] 
[15160 ms] [trace t=1516 pid=0] [15160 ms] heartbeat windows=1 apps_alive=1 cursor=(640,400) btn=0x00 dirty=0 menu=0 desktop=1[15160 ms] 
[16160 ms] [trace t=1616 pid=0] [16160 ms] heartbeat windows=1 apps_alive=1 cursor=(640,400) btn=0x00 dirty=0 menu=0 desktop=1[16160 ms] 
[16440 ms] [trace t=1644 pid=0] [16440 ms] toast id=7 expired[16440 ms] 
[16440 ms] [trace t=1644 pid=0] [16440 ms] toast new id=6 urg=1 app='hotplug' title='Device removed: selftest-detach'[16440 ms] 
[17160 ms] [trace t=1716 pid=0] [17160 ms] heartbeat windows=1 apps_alive=1 cursor=(640,400) btn=0x00 dirty=0 menu=0 desktop=1[17160 ms] 
[18160 ms] [trace t=1816 pid=0] [18160 ms] heartbeat windows=1 apps_alive=1 cursor=(640,400) btn=0x00 dirty=0 menu=0 desktop=1[18160 ms] 
[19160 ms] [trace t=1916 pid=0] [19160 ms] heartbeat windows=1 apps_alive=1 cursor=(640,400) btn=0x00 dirty=0 menu=0 desktop=1[19160 ms] 
[20160 ms] [trace t=2016 pid=0] [20160 ms] heartbeat windows=1 apps_alive=1 cursor=(640,400) btn=0x00 dirty=0 menu=0 desktop=1[20160 ms] 
[20440 ms] [trace t=2044 pid=0] [20440 ms] toast id=6 expired[20440 ms] 
[20440 ms] [trace t=2044 pid=0] [20440 ms] toast new id=5 urg=0 app='hotplug' title='Device attached: selftest-attach'[20440 ms] 
[21160 ms] [trace t=2116 pid=0] [21160 ms] heartbeat windows=1 apps_alive=1 cursor=(640,400) btn=0x00 dirty=0 menu=0 desktop=1[21160 ms] 
[22160 ms] [trace t=2216 pid=0] [22160 ms] heartbeat windows=1 apps_alive=1 cursor=(640,400) btn=0x00 dirty=0 menu=0 desktop=1[22160 ms] 
[23160 ms] [trace t=2316 pid=0] [23160 ms] heartbeat windows=1 apps_alive=1 cursor=(640,400) btn=0x00 dirty=0 menu=0 desktop=1[23160 ms] 
[24160 ms] [trace t=2416 pid=0] [24160 ms] heartbeat windows=1 apps_alive=1 cursor=(640,400) btn=0x00 dirty=0 menu=0 desktop=1[24160 ms] 
[24440 ms] [trace t=2444 pid=0] [24440 ms] toast id=5 expired[24440 ms] 
[24440 ms] [trace t=2444 pid=0] [24440 ms] toast new id=4 urg=1 app='hotplug' title='Device removed: selftest-detach'[24440 ms] 
[24860 ms] [tcp] SYN rx tcp[3] lp=22 rp=53495 seq=1984001 -> SYN_RECEIVED
[24860 ms] [tcp] SYN/ACK tx tcp[3] iss=1944635572 ack=1984002
[24860 ms] [tcp] ESTABLISHED passive tcp[3] lp=22 rp=53495
[24860 ms] [ssh] client connected
[24880 ms] [tcp] payload rx tcp[3] len=33 seq=1984002 new_rcv_nxt=1984035
[24880 ms] [ssh] client banner: SSH-2.0-OpenSSH_for_Windows_9.5
[24880 ms] [ssh] sending KEXINIT kex=curve25519-sha256,curve25519-sha256@libssh.org hostkey=ssh-ed25519 cipher=chacha20-poly1305@openssh.com mac=none
[24900 ms] [tcp] payload rx tcp[3] len=1432 seq=1984035 new_rcv_nxt=1985467
[24900 ms] [tcp] payload rx tcp[3] len=48 seq=1985467 new_rcv_nxt=1985515
[24900 ms] [ssh] packet seq=0 msg=20 payload=1417
[24900 ms] [ssh] client kex: curve25519-sha256,curve25519-sha256@libssh.org,ecdh-sha2-nistp256,ecdh-sha2-nistp384,ecdh-sha2-...
[24900 ms] [ssh] client hostkey: ssh-ed25519-cert-v01@openssh.com,ecdsa-sha2-nistp256-cert-v01@openssh.com,ecdsa-sha2-nistp384-c...
[24900 ms] [ssh] client cipher c2s: chacha20-poly1305@openssh.com,aes128-ctr,aes192-ctr,aes256-ctr,aes128-gcm@openssh.com,aes256-gc...
[24900 ms] [ssh] KEXINIT overlap: kex=1 hostkey=1 enc=1/1 mac=0/0 comp=1/1 first_follows=0
[24900 ms] [ssh] waiting for Curve25519 ECDH_INIT
[24900 ms] [ssh] packet seq=1 msg=30 payload=37
[24930 ms] [tcp] payload rx tcp[3] len=16 seq=1985515 new_rcv_nxt=1985531
[24930 ms] [ssh] sent ECDH_REPLY and NEWKEYS; encrypted/auth layer next
[24930 ms] [ssh] packet seq=2 msg=21 payload=1
[24930 ms] [ssh] encrypted packet mode active; waiting service
[24930 ms] [tcp] payload rx tcp[3] len=44 seq=1985531 new_rcv_nxt=1985575
[24930 ms] [ssh] packet seq=3 msg=5 payload=17
[24940 ms] [tcp] payload rx tcp[3] len=60 seq=1985575 new_rcv_nxt=1985635
[24940 ms] [ssh] accepted ssh-userauth service
[24940 ms] [ssh] packet seq=4 msg=50 payload=35
[24940 ms] [tcp] payload rx tcp[3] len=52 seq=1985635 new_rcv_nxt=1985687
[24940 ms] [ssh] user 'toby' authenticated with method=none uid=1000 gid=1000
[24940 ms] [ssh] packet seq=5 msg=90 payload=24
[24950 ms] [tcp] payload rx tcp[3] len=52 seq=1985687 new_rcv_nxt=1985739
[24950 ms] [ssh] session channel open remote=0 window=2097152 maxpkt=32768
[24950 ms] [ssh] packet seq=6 msg=98 payload=22
[24960 ms] [ssh] exec request accepted for 'toby'
[25160 ms] [trace t=2516 pid=0] [25160 ms] heartbeat windows=1 apps_alive=1 cursor=(640,400) btn=0x00 dirty=0 menu=0 desktop=1[25160 ms] 
[26160 ms] [trace t=2616 pid=0] [26160 ms] heartbeat windows=1 apps_alive=1 cursor=(640,400) btn=0x00 dirty=0 menu=0 desktop=1[26160 ms] 
[27160 ms] [trace t=2716 pid=0] [27160 ms] heartbeat windows=1 apps_alive=1 cursor=(640,400) btn=0x00 dirty=0 menu=0 desktop=1[27160 ms] 
[28160 ms] [trace t=2816 pid=0] [28160 ms] heartbeat windows=1 apps_alive=1 cursor=(640,400) btn=0x00 dirty=0 menu=0 desktop=1[28160 ms] 
[28440 ms] [trace t=2844 pid=0] [28440 ms] toast id=4 expired[28440 ms] 
[28440 ms] [trace t=2844 pid=0] [28440 ms] toast new id=3 urg=0 app='hotplug' title='Device attached: selftest-attach'[28440 ms] 
[29160 ms] [trace t=2916 pid=0] [29160 ms] heartbeat windows=1 apps_alive=1 cursor=(640,400) btn=0x00 dirty=0 menu=0 desktop=1[29160 ms] 
[30160 ms] [trace t=3016 pid=0] [30160 ms] heartbeat windows=1 apps_alive=1 cursor=(640,400) btn=0x00 dirty=0 menu=0 desktop=1[30160 ms] 
[31160 ms] [trace t=3116 pid=0] [31160 ms] heartbeat windows=1 apps_alive=1 cursor=(640,400) btn=0x00 dirty=0 menu=0 desktop=1[31160 ms] 
[32160 ms] [trace t=3216 pid=0] [32160 ms] heartbeat windows=1 apps_alive=1 cursor=(640,400) btn=0x00 dirty=0 menu=0 desktop=1[32160 ms] 
[32440 ms] [trace t=3244 pid=0] [32440 ms] toast id=3 expired[32440 ms] 
[32440 ms] [trace t=3244 pid=0] [32440 ms] toast new id=1 urg=0 app='kernel' title='Desktop ready'[32440 ms] 
[33160 ms] [trace t=3316 pid=0] [33160 ms] heartbeat windows=1 apps_alive=1 cursor=(640,400) btn=0x00 dirty=0 menu=0 desktop=1[33160 ms] 
[34160 ms] [trace t=3416 pid=0] [34160 ms] heartbeat windows=1 apps_alive=1 cursor=(640,400) btn=0x00 dirty=0 menu=0 desktop=1[34160 ms] 
[35160 ms] [trace t=3516 pid=0] [35160 ms] heartbeat windows=1 apps_alive=1 cursor=(640,400) btn=0x00 dirty=0 menu=0 desktop=1[35160 ms] 
[36160 ms] [trace t=3616 pid=0] [36160 ms] heartbeat windows=1 apps_alive=1 cursor=(640,400) btn=0x00 dirty=0 menu=0 desktop=1[36160 ms] 
[36440 ms] [trace t=3644 pid=0] [36440 ms] toast id=1 expired[36440 ms] 
[37160 ms] [trace t=3716 pid=0] [37160 ms] heartbeat windows=1 apps_alive=1 cursor=(640,400) btn=0x00 dirty=0 menu=0 desktop=1[37160 ms] 
[38160 ms] [trace t=3816 pid=0] [38160 ms] heartbeat windows=1 apps_alive=1 cursor=(640,400) btn=0x00 dirty=0 menu=0 desktop=1[38160 ms] 
[39160 ms] [trace t=3916 pid=0] [39160 ms] heartbeat windows=1 apps_alive=1 cursor=(640,400) btn=0x00 dirty=0 menu=0 desktop=1[39160 ms] 
[40160 ms] [trace t=4016 pid=0] [40160 ms] heartbeat windows=1 apps_alive=1 cursor=(640,400) btn=0x00 dirty=0 menu=0 desktop=1[40160 ms] 
[41160 ms] [trace t=4116 pid=0] [41160 ms] heartbeat windows=1 apps_alive=1 cursor=(640,400) btn=0x00 dirty=0 menu=0 desktop=1[41160 ms] 
[42160 ms] [trace t=4216 pid=0] [42160 ms] heartbeat windows=1 apps_alive=1 cursor=(640,400) btn=0x00 dirty=0 menu=0 desktop=1[42160 ms] 
[43160 ms] [trace t=4316 pid=0] [43160 ms] heartbeat windows=1 apps_alive=1 cursor=(640,400) btn=0x00 dirty=0 menu=0 desktop=1[43160 ms] 
[44160 ms] [trace t=4416 pid=0] [44160 ms] heartbeat windows=1 apps_alive=1 cursor=(640,400) btn=0x00 dirty=0 menu=0 desktop=1[44160 ms] 
[45160 ms] [trace t=4516 pid=0] [45160 ms] heartbeat windows=1 apps_alive=1 cursor=(640,400) btn=0x00 dirty=0 menu=0 desktop=1[45160 ms] 
[46160 ms] [trace t=4616 pid=0] [46160 ms] heartbeat windows=1 apps_alive=1 cursor=(640,400) btn=0x00 dirty=0 menu=0 desktop=1[46160 ms] 
[47160 ms] [trace t=4716 pid=0] [47160 ms] heartbeat windows=1 apps_alive=1 cursor=(640,400) btn=0x00 dirty=0 menu=0 desktop=1[47160 ms] 
[48160 ms] [trace t=4816 pid=0] [48160 ms] heartbeat windows=1 apps_alive=1 cursor=(640,400) btn=0x00 dirty=0 menu=0 desktop=1[48160 ms] 
[49160 ms] [trace t=4916 pid=0] [49160 ms] heartbeat windows=1 apps_alive=1 cursor=(640,400) btn=0x00 dirty=0 menu=0 desktop=1[49160 ms] 
[50160 ms] [trace t=5016 pid=0] [50160 ms] heartbeat windows=1 apps_alive=1 cursor=(640,400) btn=0x00 dirty=0 menu=0 desktop=1[50160 ms] 
[51160 ms] [trace t=5116 pid=0] [51160 ms] heartbeat windows=1 apps_alive=1 cursor=(640,400) btn=0x00 dirty=0 menu=0 desktop=1[51160 ms] 
[52160 ms] [trace t=5216 pid=0] [52160 ms] heartbeat windows=1 apps_alive=1 cursor=(640,400) btn=0x00 dirty=0 menu=0 desktop=1[52160 ms] 
[53160 ms] [trace t=5316 pid=0] [53160 ms] heartbeat windows=1 apps_alive=1 cursor=(640,400) btn=0x00 dirty=0 menu=0 desktop=1[53160 ms] 
[54160 ms] [trace t=5416 pid=0] [54160 ms] heartbeat windows=1 apps_alive=1 cursor=(640,400) btn=0x00 dirty=0 menu=0 desktop=1[54160 ms] 
[55160 ms] [trace t=5516 pid=0] [55160 ms] heartbeat windows=1 apps_alive=1 cursor=(640,400) btn=0x00 dirty=0 menu=0 desktop=1[55160 ms] 
[56160 ms] [trace t=5616 pid=0] [56160 ms] heartbeat windows=1 apps_alive=1 cursor=(640,400) btn=0x00 dirty=0 menu=0 desktop=1[56160 ms] 
[57160 ms] [trace t=5716 pid=0] [57160 ms] heartbeat windows=1 apps_alive=1 cursor=(640,400) btn=0x00 dirty=0 menu=0 desktop=1[57160 ms] 
[58160 ms] [trace t=5816 pid=0] [58160 ms] heartbeat windows=1 apps_alive=1 cursor=(640,400) btn=0x00 dirty=0 menu=0 desktop=1[58160 ms] 
[59160 ms] [trace t=5916 pid=0] [59160 ms] heartbeat windows=1 apps_alive=1 cursor=(640,400) btn=0x00 dirty=0 menu=0 desktop=1[59160 ms] 
[60160 ms] [trace t=6016 pid=0] [60160 ms] heartbeat windows=1 apps_alive=1 cursor=(640,400) btn=0x00 dirty=0 menu=0 desktop=1[60160 ms] 
[61160 ms] [trace t=6116 pid=0] [61160 ms] heartbeat windows=1 apps_alive=1 cursor=(640,400) btn=0x00 dirty=0 menu=0 desktop=1[61160 ms] 
[62160 ms] [trace t=6216 pid=0] [62160 ms] heartbeat windows=1 apps_alive=1 cursor=(640,400) btn=0x00 dirty=0 menu=0 desktop=1[62160 ms] 
[63160 ms] [trace t=6316 pid=0] [63160 ms] heartbeat windows=1 apps_alive=1 cursor=(640,400) btn=0x00 dirty=0 menu=0 desktop=1[63160 ms] 
[64160 ms] [trace t=6416 pid=0] [64160 ms] heartbeat windows=1 apps_alive=1 cursor=(640,400) btn=0x00 dirty=0 menu=0 desktop=1[64160 ms] 
[65160 ms] [trace t=6516 pid=0] [65160 ms] heartbeat windows=1 apps_alive=1 cursor=(640,400) btn=0x00 dirty=0 menu=0 desktop=1[65160 ms] 
[66160 ms] [trace t=6616 pid=0] [66160 ms] heartbeat windows=1 apps_alive=1 cursor=(640,400) btn=0x00 dirty=0 menu=0 desktop=1[66160 ms] 
[67160 ms] [trace t=6716 pid=0] [67160 ms] heartbeat windows=1 apps_alive=1 cursor=(640,400) btn=0x00 dirty=0 menu=0 desktop=1[67160 ms] 
[68160 ms] [trace t=6816 pid=0] [68160 ms] heartbeat windows=1 apps_alive=1 cursor=(640,400) btn=0x00 dirty=0 menu=0 desktop=1[68160 ms] 
[69160 ms] [trace t=6916 pid=0] [69160 ms] heartbeat windows=1 apps_alive=1 cursor=(640,400) btn=0x00 dirty=0 menu=0 desktop=1[69160 ms] 
[70160 ms] [trace t=7016 pid=0] [70160 ms] heartbeat windows=1 apps_alive=1 cursor=(640,400) btn=0x00 dirty=0 menu=0 desktop=1[70160 ms] 
[71160 ms] [trace t=7116 pid=0] [71160 ms] heartbeat windows=1 apps_alive=1 cursor=(640,400) btn=0x00 dirty=0 menu=0 desktop=1[71160 ms] 
[72160 ms] [trace t=7216 pid=0] [72160 ms] heartbeat windows=1 apps_alive=1 cursor=(640,400) btn=0x00 dirty=0 menu=0 desktop=1[72160 ms] 
[73160 ms] [trace t=7316 pid=0] [73160 ms] heartbeat windows=1 apps_alive=1 cursor=(640,400) btn=0x00 dirty=0 menu=0 desktop=1[73160 ms] 
[74160 ms] [trace t=7416 pid=0] [74160 ms] heartbeat windows=1 apps_alive=1 cursor=(640,400) btn=0x00 dirty=0 menu=0 desktop=1[74160 ms] 
[75160 ms] [trace t=7516 pid=0] [75160 ms] heartbeat windows=1 apps_alive=1 cursor=(640,400) btn=0x00 dirty=0 menu=0 desktop=1[75160 ms] 
[76160 ms] [trace t=7616 pid=0] [76160 ms] heartbeat windows=1 apps_alive=1 cursor=(640,400) btn=0x00 dirty=0 menu=0 desktop=1[76160 ms] 
[77160 ms] [trace t=7716 pid=0] [77160 ms] heartbeat windows=1 apps_alive=1 cursor=(640,400) btn=0x00 dirty=0 menu=0 desktop=1[77160 ms] 
[78160 ms] [trace t=7816 pid=0] [78160 ms] heartbeat windows=1 apps_alive=1 cursor=(640,400) btn=0x00 dirty=0 menu=0 desktop=1[78160 ms] 
[79160 ms] [trace t=7916 pid=0] [79160 ms] heartbeat windows=1 apps_alive=1 cursor=(640,400) btn=0x00 dirty=0 menu=0 desktop=1[79160 ms] 
[80160 ms] [trace t=8016 pid=0] [80160 ms] heartbeat windows=1 apps_alive=1 cursor=(640,400) btn=0x00 dirty=0 menu=0 desktop=1[80160 ms] 
[81160 ms] [trace t=8116 pid=0] [81160 ms] heartbeat windows=1 apps_alive=1 cursor=(640,400) btn=0x00 dirty=0 menu=0 desktop=1[81160 ms] 
[82160 ms] [trace t=8216 pid=0] [82160 ms] heartbeat windows=1 apps_alive=1 cursor=(640,400) btn=0x00 dirty=0 menu=0 desktop=1[82160 ms] 
[83160 ms] [trace t=8316 pid=0] [83160 ms] heartbeat windows=1 apps_alive=1 cursor=(640,400) btn=0x00 dirty=0 menu=0 desktop=1[83160 ms] 
[84160 ms] [trace t=8416 pid=0] [84160 ms] heartbeat windows=1 apps_alive=1 cursor=(640,400) btn=0x00 dirty=0 menu=0 desktop=1[84160 ms] 
[85160 ms] [trace t=8516 pid=0] [85160 ms] heartbeat windows=1 apps_alive=1 cursor=(640,400) btn=0x00 dirty=0 menu=0 desktop=1[85160 ms] 
[86160 ms] [trace t=8616 pid=0] [86160 ms] heartbeat windows=1 apps_alive=1 cursor=(640,400) btn=0x00 dirty=0 menu=0 desktop=1[86160 ms] 
[87160 ms] [trace t=8716 pid=0] [87160 ms] heartbeat windows=1 apps_alive=1 cursor=(640,400) btn=0x00 dirty=0 menu=0 desktop=1[87160 ms] 
[88160 ms] [trace t=8816 pid=0] [88160 ms] heartbeat windows=1 apps_alive=1 cursor=(640,400) btn=0x00 dirty=0 menu=0 desktop=1[88160 ms] 
[89160 ms] [trace t=8916 pid=0] [89160 ms] heartbeat windows=1 apps_alive=1 cursor=(640,400) btn=0x00 dirty=0 menu=0 desktop=1[89160 ms] 
[90160 ms] [trace t=9016 pid=0] [90160 ms] heartbeat windows=1 apps_alive=1 cursor=(640,400) btn=0x00 dirty=0 menu=0 desktop=1[90160 ms] 
[91160 ms] [trace t=9116 pid=0] [91160 ms] heartbeat windows=1 apps_alive=1 cursor=(640,400) btn=0x00 dirty=0 menu=0 desktop=1[91160 ms] 
[92160 ms] [trace t=9216 pid=0] [92160 ms] heartbeat windows=1 apps_alive=1 cursor=(640,400) btn=0x00 dirty=0 menu=0 desktop=1[92160 ms] 
[93160 ms] [trace t=9316 pid=0] [93160 ms] heartbeat windows=1 apps_alive=1 cursor=(640,400) btn=0x00 dirty=0 menu=0 desktop=1[93160 ms] 
[94160 ms] [trace t=9416 pid=0] [94160 ms] heartbeat windows=1 apps_alive=1 cursor=(640,400) btn=0x00 dirty=0 menu=0 desktop=1[94160 ms] 
[95160 ms] [trace t=9516 pid=0] [95160 ms] heartbeat windows=1 apps_alive=1 cursor=(640,400) btn=0x00 dirty=0 menu=0 desktop=1[95160 ms] 
[96160 ms] [trace t=9616 pid=0] [96160 ms] heartbeat windows=1 apps_alive=1 cursor=(640,400) btn=0x00 dirty=0 menu=0 desktop=1[96160 ms] 
[97160 ms] [trace t=9716 pid=0] [97160 ms] heartbeat windows=1 apps_alive=1 cursor=(640,400) btn=0x00 dirty=0 menu=0 desktop=1[97160 ms] 
[98160 ms] [trace t=9816 pid=0] [98160 ms] heartbeat windows=1 apps_alive=1 cursor=(640,400) btn=0x00 dirty=0 menu=0 desktop=1[98160 ms] 
[99160 ms] [trace t=9916 pid=0] [99160 ms] heartbeat windows=1 apps_alive=1 cursor=(640,400) btn=0x00 dirty=0 menu=0 desktop=1[99160 ms] 
[100160 ms] [trace t=10016 pid=0] [100160 ms] heartbeat windows=1 apps_alive=1 cursor=(640,400) btn=0x00 dirty=0 menu=0 desktop=1[100160 ms] 
[101160 ms] [trace t=10116 pid=0] [101160 ms] heartbeat windows=1 apps_alive=1 cursor=(640,400) btn=0x00 dirty=0 menu=0 desktop=1[101160 ms] 
[102160 ms] [trace t=10216 pid=0] [102160 ms] heartbeat windows=1 apps_alive=1 cursor=(640,400) btn=0x00 dirty=0 menu=0 desktop=1[102160 ms] 
[103160 ms] [trace t=10316 pid=0] [103160 ms] heartbeat windows=1 apps_alive=1 cursor=(640,400) btn=0x00 dirty=0 menu=0 desktop=1[103160 ms] 
[104160 ms] [trace t=10416 pid=0] [104160 ms] heartbeat windows=1 apps_alive=1 cursor=(640,400) btn=0x00 dirty=0 menu=0 desktop=1[104160 ms] 
[105160 ms] [trace t=10516 pid=0] [105160 ms] heartbeat windows=1 apps_alive=1 cursor=(640,400) btn=0x00 dirty=0 menu=0 desktop=1[105160 ms] 
[106160 ms] [trace t=10616 pid=0] [106160 ms] heartbeat windows=1 apps_alive=1 cursor=(640,400) btn=0x00 dirty=0 menu=0 desktop=1[106160 ms] 
[107160 ms] [trace t=10716 pid=0] [107160 ms] heartbeat windows=1 apps_alive=1 cursor=(640,400) btn=0x00 dirty=0 menu=0 desktop=1[107160 ms] 
[108160 ms] [trace t=10816 pid=0] [108160 ms] heartbeat windows=1 apps_alive=1 cursor=(640,400) btn=0x00 dirty=0 menu=0 desktop=1[108160 ms] 
[109160 ms] [trace t=10916 pid=0] [109160 ms] heartbeat windows=1 apps_alive=1 cursor=(640,400) btn=0x00 dirty=0 menu=0 desktop=1[109160 ms] 
[110160 ms] [trace t=11016 pid=0] [110160 ms] heartbeat windows=1 apps_alive=1 cursor=(640,400) btn=0x00 dirty=0 menu=0 desktop=1[110160 ms] 
[111160 ms] [trace t=11116 pid=0] [111160 ms] heartbeat windows=1 apps_alive=1 cursor=(640,400) btn=0x00 dirty=0 menu=0 desktop=1[111160 ms] 
[112160 ms] [trace t=11216 pid=0] [112160 ms] heartbeat windows=1 apps_alive=1 cursor=(640,400) btn=0x00 dirty=0 menu=0 desktop=1[112160 ms] 
[113160 ms] [trace t=11316 pid=0] [113160 ms] heartbeat windows=1 apps_alive=1 cursor=(640,400) btn=0x00 dirty=0 menu=0 desktop=1[113160 ms] 
[114160 ms] [trace t=11416 pid=0] [114160 ms] heartbeat windows=1 apps_alive=1 cursor=(640,400) btn=0x00 dirty=0 menu=0 desktop=1[114160 ms] 
[115160 ms] [trace t=11516 pid=0] [115160 ms] heartbeat windows=1 apps_alive=1 cursor=(640,400) btn=0x00 dirty=0 menu=0 desktop=1[115160 ms] 
[116160 ms] [trace t=11616 pid=0] [116160 ms] heartbeat windows=1 apps_alive=1 cursor=(640,400) btn=0x00 dirty=0 menu=0 desktop=1[116160 ms] 
[117160 ms] [trace t=11716 pid=0] [117160 ms] heartbeat windows=1 apps_alive=1 cursor=(640,400) btn=0x00 dirty=0 menu=0 desktop=1[117160 ms] 
[118160 ms] [trace t=11816 pid=0] [118160 ms] heartbeat windows=1 apps_alive=1 cursor=(640,400) btn=0x00 dirty=0 menu=0 desktop=1[118160 ms] 
[119160 ms] [trace t=11916 pid=0] [119160 ms] heartbeat windows=1 apps_alive=1 cursor=(640,400) btn=0x00 dirty=0 menu=0 desktop=1[119160 ms] 
[120160 ms] [trace t=12016 pid=0] [120160 ms] heartbeat windows=1 apps_alive=1 cursor=(640,400) btn=0x00 dirty=0 menu=0 desktop=1[120160 ms] 
[121160 ms] [trace t=12116 pid=0] [121160 ms] heartbeat windows=1 apps_alive=1 cursor=(640,400) btn=0x00 dirty=0 menu=0 desktop=1[121160 ms] 
[122160 ms] [trace t=12216 pid=0] [122160 ms] heartbeat windows=1 apps_alive=1 cursor=(640,400) btn=0x00 dirty=0 menu=0 desktop=1[122160 ms] 
[123160 ms] [trace t=12316 pid=0] [123160 ms] heartbeat windows=1 apps_alive=1 cursor=(640,400) btn=0x00 dirty=0 menu=0 desktop=1[123160 ms] 
[124160 ms] [trace t=12416 pid=0] [124160 ms] heartbeat windows=1 apps_alive=1 cursor=(640,400) btn=0x00 dirty=0 menu=0 desktop=1[124160 ms] 
[125160 ms] [trace t=12516 pid=0] [125160 ms] heartbeat windows=1 apps_alive=1 cursor=(640,400) btn=0x00 dirty=0 menu=0 desktop=1[125160 ms] 
[126160 ms] [trace t=12616 pid=0] [126160 ms] heartbeat windows=1 apps_alive=1 cursor=(640,400) btn=0x00 dirty=0 menu=0 desktop=1[126160 ms] 
[127160 ms] [trace t=12716 pid=0] [127160 ms] heartbeat windows=1 apps_alive=1 cursor=(640,400) btn=0x00 dirty=0 menu=0 desktop=1[127160 ms] 
[128160 ms] [trace t=12816 pid=0] [128160 ms] heartbeat windows=1 apps_alive=1 cursor=(640,400) btn=0x00 dirty=0 menu=0 desktop=1[128160 ms] 
[129160 ms] [trace t=12916 pid=0] [129160 ms] heartbeat windows=1 apps_alive=1 cursor=(640,400) btn=0x00 dirty=0 menu=0 desktop=1[129160 ms] 
[130160 ms] [trace t=13016 pid=0] [130160 ms] heartbeat windows=1 apps_alive=1 cursor=(640,400) btn=0x00 dirty=0 menu=0 desktop=1[130160 ms] 
[131160 ms] [trace t=13116 pid=0] [131160 ms] heartbeat windows=1 apps_alive=1 cursor=(640,400) btn=0x00 dirty=0 menu=0 desktop=1[131160 ms] 
[132160 ms] [trace t=13216 pid=0] [132160 ms] heartbeat windows=1 apps_alive=1 cursor=(640,400) btn=0x00 dirty=0 menu=0 desktop=1[132160 ms] 
[133160 ms] [trace t=13316 pid=0] [133160 ms] heartbeat windows=1 apps_alive=1 cursor=(640,400) btn=0x00 dirty=0 menu=0 desktop=1[133160 ms] 
[134160 ms] [trace t=13416 pid=0] [134160 ms] heartbeat windows=1 apps_alive=1 cursor=(640,400) btn=0x00 dirty=0 menu=0 desktop=1[134160 ms] 
[135160 ms] [trace t=13516 pid=0] [135160 ms] heartbeat windows=1 apps_alive=1 cursor=(640,400) btn=0x00 dirty=0 menu=0 desktop=1[135160 ms] 
[136160 ms] [trace t=13616 pid=0] [136160 ms] heartbeat windows=1 apps_alive=1 cursor=(640,400) btn=0x00 dirty=0 menu=0 desktop=1[136160 ms] 
[137160 ms] [trace t=13716 pid=0] [137160 ms] heartbeat windows=1 apps_alive=1 cursor=(640,400) btn=0x00 dirty=0 menu=0 desktop=1[137160 ms] 
[138160 ms] [trace t=13816 pid=0] [138160 ms] heartbeat windows=1 apps_alive=1 cursor=(640,400) btn=0x00 dirty=0 menu=0 desktop=1[138160 ms] 
[139160 ms] [trace t=13916 pid=0] [139160 ms] heartbeat windows=1 apps_alive=1 cursor=(640,400) btn=0x00 dirty=0 menu=0 desktop=1[139160 ms] 
[140160 ms] [trace t=14016 pid=0] [140160 ms] heartbeat windows=1 apps_alive=1 cursor=(640,400) btn=0x00 dirty=0 menu=0 desktop=1[140160 ms] 
[141160 ms] [trace t=14116 pid=0] [141160 ms] heartbeat windows=1 apps_alive=1 cursor=(640,400) btn=0x00 dirty=0 menu=0 desktop=1[141160 ms] 
[142160 ms] [trace t=14216 pid=0] [142160 ms] heartbeat windows=1 apps_alive=1 cursor=(640,400) btn=0x00 dirty=0 menu=0 desktop=1[142160 ms] 
[143160 ms] [trace t=14316 pid=0] [143160 ms] heartbeat windows=1 apps_alive=1 cursor=(640,400) btn=0x00 dirty=0 menu=0 desktop=1[143160 ms] 
[144160 ms] [trace t=14416 pid=0] [144160 ms] heartbeat windows=1 apps_alive=1 cursor=(640,400) btn=0x00 dirty=0 menu=0 desktop=1[144160 ms] 
[145160 ms] [trace t=14516 pid=0] [145160 ms] heartbeat windows=1 apps_alive=1 cursor=(640,400) btn=0x00 dirty=0 menu=0 desktop=1[145160 ms] 
[146160 ms] [trace t=14616 pid=0] [146160 ms] heartbeat windows=1 apps_alive=1 cursor=(640,400) btn=0x00 dirty=0 menu=0 desktop=1[146160 ms] 
[147160 ms] [trace t=14716 pid=0] [147160 ms] heartbeat windows=1 apps_alive=1 cursor=(640,400) btn=0x00 dirty=0 menu=0 desktop=1[147160 ms] 
[148160 ms] [trace t=14816 pid=0] [148160 ms] heartbeat windows=1 apps_alive=1 cursor=(640,400) btn=0x00 dirty=0 menu=0 desktop=1[148160 ms] 
[149160 ms] [trace t=14916 pid=0] [149160 ms] heartbeat windows=1 apps_alive=1 cursor=(640,400) btn=0x00 dirty=0 menu=0 desktop=1[149160 ms] 
[150160 ms] [trace t=15016 pid=0] [150160 ms] heartbeat windows=1 apps_alive=1 cursor=(640,400) btn=0x00 dirty=0 menu=0 desktop=1[150160 ms] 
[151160 ms] [trace t=15116 pid=0] [151160 ms] heartbeat windows=1 apps_alive=1 cursor=(640,400) btn=0x00 dirty=0 menu=0 desktop=1[151160 ms] 
[152160 ms] [trace t=15216 pid=0] [152160 ms] heartbeat windows=1 apps_alive=1 cursor=(640,400) btn=0x00 dirty=0 menu=0 desktop=1[152160 ms] 
[153160 ms] [trace t=15316 pid=0] [153160 ms] heartbeat windows=1 apps_alive=1 cursor=(640,400) btn=0x00 dirty=0 menu=0 desktop=1[153160 ms] 
[154160 ms] [trace t=15416 pid=0] [154160 ms] heartbeat windows=1 apps_alive=1 cursor=(640,400) btn=0x00 dirty=0 menu=0 desktop=1[154160 ms] 
[155160 ms] [trace t=15516 pid=0] [155160 ms] heartbeat windows=1 apps_alive=1 cursor=(640,400) btn=0x00 dirty=0 menu=0 desktop=1[155160 ms] 
[156160 ms] [trace t=15616 pid=0] [156160 ms] heartbeat windows=1 apps_alive=1 cursor=(640,400) btn=0x00 dirty=0 menu=0 desktop=1[156160 ms] 
[157160 ms] [trace t=15716 pid=0] [157160 ms] heartbeat windows=1 apps_alive=1 cursor=(640,400) btn=0x00 dirty=0 menu=0 desktop=1[157160 ms] 
[158160 ms] [trace t=15816 pid=0] [158160 ms] heartbeat windows=1 apps_alive=1 cursor=(640,400) btn=0x00 dirty=0 menu=0 desktop=1[158160 ms] 
[159160 ms] [trace t=15916 pid=0] [159160 ms] heartbeat windows=1 apps_alive=1 cursor=(640,400) btn=0x00 dirty=0 menu=0 desktop=1[159160 ms] 
[160160 ms] [trace t=16016 pid=0] [160160 ms] heartbeat windows=1 apps_alive=1 cursor=(640,400) btn=0x00 dirty=0 menu=0 desktop=1[160160 ms] 
[161160 ms] [trace t=16116 pid=0] [161160 ms] heartbeat windows=1 apps_alive=1 cursor=(640,400) btn=0x00 dirty=0 menu=0 desktop=1[161160 ms] 
[162160 ms] [trace t=16216 pid=0] [162160 ms] heartbeat windows=1 apps_alive=1 cursor=(640,400) btn=0x00 dirty=0 menu=0 desktop=1[162160 ms] 
[163160 ms] [trace t=16316 pid=0] [163160 ms] heartbeat windows=1 apps_alive=1 cursor=(640,400) btn=0x00 dirty=0 menu=0 desktop=1[163160 ms] 
[164160 ms] [trace t=16416 pid=0] [164160 ms] heartbeat windows=1 apps_alive=1 cursor=(640,400) btn=0x00 dirty=0 menu=0 desktop=1[164160 ms] 
[165160 ms] [trace t=16516 pid=0] [165160 ms] heartbeat windows=1 apps_alive=1 cursor=(640,400) btn=0x00 dirty=0 menu=0 desktop=1[165160 ms] 
[166160 ms] [trace t=16616 pid=0] [166160 ms] heartbeat windows=1 apps_alive=1 cursor=(640,400) btn=0x00 dirty=0 menu=0 desktop=1[166160 ms] 
[167160 ms] [trace t=16716 pid=0] [167160 ms] heartbeat windows=1 apps_alive=1 cursor=(640,400) btn=0x00 dirty=0 menu=0 desktop=1[167160 ms] 
[168160 ms] [trace t=16816 pid=0] [168160 ms] heartbeat windows=1 apps_alive=1 cursor=(640,400) btn=0x00 dirty=0 menu=0 desktop=1[168160 ms] 
[169160 ms] [trace t=16916 pid=0] [169160 ms] heartbeat windows=1 apps_alive=1 cursor=(640,400) btn=0x00 dirty=0 menu=0 desktop=1[169160 ms] 
[170160 ms] [trace t=17016 pid=0] [170160 ms] heartbeat windows=1 apps_alive=1 cursor=(640,400) btn=0x00 dirty=0 menu=0 desktop=1[170160 ms] 
[171160 ms] [trace t=17116 pid=0] [171160 ms] heartbeat windows=1 apps_alive=1 cursor=(640,400) btn=0x00 dirty=0 menu=0 desktop=1[171160 ms] 
[172160 ms] [trace t=17216 pid=0] [172160 ms] heartbeat windows=1 apps_alive=1 cursor=(640,400) btn=0x00 dirty=0 menu=0 desktop=1[172160 ms] 
[172370 ms] [tcp] SYN rx tcp[4] lp=22 rp=50812 seq=11520001 -> SYN_RECEIVED
[172370 ms] [tcp] SYN/ACK tx tcp[4] iss=3480384286 ack=11520002
[172370 ms] [tcp] ESTABLISHED passive tcp[4] lp=22 rp=50812
[172410 ms] [tcp] payload rx tcp[4] len=33 seq=11520002 new_rcv_nxt=11520035
[173160 ms] [trace t=17316 pid=0] [173160 ms] heartbeat windows=1 apps_alive=1 cursor=(640,400) btn=0x00 dirty=0 menu=0 desktop=1[173160 ms] 
[174160 ms] [trace t=17416 pid=0] [174160 ms] heartbeat windows=1 apps_alive=1 cursor=(640,400) btn=0x00 dirty=0 menu=0 desktop=1[174160 ms] 
[175160 ms] [trace t=17516 pid=0] [175160 ms] heartbeat windows=1 apps_alive=1 cursor=(640,400) btn=0x00 dirty=0 menu=0 desktop=1[175160 ms] 
[176160 ms] [trace t=17616 pid=0] [176160 ms] heartbeat windows=1 apps_alive=1 cursor=(640,400) btn=0x00 dirty=0 menu=0 desktop=1[176160 ms] 
[177160 ms] [trace t=17716 pid=0] [177160 ms] heartbeat windows=1 apps_alive=1 cursor=(640,400) btn=0x00 dirty=0 menu=0 desktop=1[177160 ms] 
[178160 ms] [trace t=17816 pid=0] [178160 ms] heartbeat windows=1 apps_alive=1 cursor=(640,400) btn=0x00 dirty=0 menu=0 desktop=1[178160 ms] 
[179160 ms] [trace t=17916 pid=0] [179160 ms] heartbeat windows=1 apps_alive=1 cursor=(640,400) btn=0x00 dirty=0 menu=0 desktop=1[179160 ms] 
[180160 ms] [trace t=18016 pid=0] [180160 ms] heartbeat windows=1 apps_alive=1 cursor=(640,400) btn=0x00 dirty=0 menu=0 desktop=1[180160 ms] 
[181160 ms] [trace t=18116 pid=0] [181160 ms] heartbeat windows=1 apps_alive=1 cursor=(640,400) btn=0x00 dirty=0 menu=0 desktop=1[181160 ms] 
[182160 ms] [trace t=18216 pid=0] [182160 ms] heartbeat windows=1 apps_alive=1 cursor=(640,400) btn=0x00 dirty=0 menu=0 desktop=1[182160 ms] 
[183160 ms] [trace t=18316 pid=0] [183160 ms] heartbeat windows=1 apps_alive=1 cursor=(640,400) btn=0x00 dirty=0 menu=0 desktop=1[183160 ms] 
[184160 ms] [trace t=18416 pid=0] [184160 ms] heartbeat windows=1 apps_alive=1 cursor=(640,400) btn=0x00 dirty=0 menu=0 desktop=1[184160 ms] 
[185160 ms] [trace t=18516 pid=0] [185160 ms] heartbeat windows=1 apps_alive=1 cursor=(640,400) btn=0x00 dirty=0 menu=0 desktop=1[185160 ms] 
[186160 ms] [trace t=18616 pid=0] [186160 ms] heartbeat windows=1 apps_alive=1 cursor=(640,400) btn=0x00 dirty=0 menu=0 desktop=1[186160 ms] 
[187160 ms] [trace t=18716 pid=0] [187160 ms] heartbeat windows=1 apps_alive=1 cursor=(640,400) btn=0x00 dirty=0 menu=0 desktop=1[187160 ms] 
[188160 ms] [trace t=18816 pid=0] [188160 ms] heartbeat windows=1 apps_alive=1 cursor=(640,400) btn=0x00 dirty=0 menu=0 desktop=1[188160 ms] 
[189160 ms] [trace t=18916 pid=0] [189160 ms] heartbeat windows=1 apps_alive=1 cursor=(640,400) btn=0x00 dirty=0 menu=0 desktop=1[189160 ms] 
[190160 ms] [trace t=19016 pid=0] [190160 ms] heartbeat windows=1 apps_alive=1 cursor=(640,400) btn=0x00 dirty=0 menu=0 desktop=1[190160 ms] 
[191160 ms] [trace t=19116 pid=0] [191160 ms] heartbeat windows=1 apps_alive=1 cursor=(640,400) btn=0x00 dirty=0 menu=0 desktop=1[191160 ms] 
[192160 ms] [trace t=19216 pid=0] [192160 ms] heartbeat windows=1 apps_alive=1 cursor=(640,400) btn=0x00 dirty=0 menu=0 desktop=1[192160 ms] 
[193160 ms] [trace t=19316 pid=0] [193160 ms] heartbeat windows=1 apps_alive=1 cursor=(640,400) btn=0x00 dirty=0 menu=0 desktop=1[193160 ms] 
[194160 ms] [trace t=19416 pid=0] [194160 ms] heartbeat windows=1 apps_alive=1 cursor=(640,400) btn=0x00 dirty=0 menu=0 desktop=1[194160 ms] 
[195160 ms] [trace t=19516 pid=0] [195160 ms] heartbeat windows=1 apps_alive=1 cursor=(640,400) btn=0x00 dirty=0 menu=0 desktop=1[195160 ms] 
[196160 ms] [trace t=19616 pid=0] [196160 ms] heartbeat windows=1 apps_alive=1 cursor=(640,400) btn=0x00 dirty=0 menu=0 desktop=1[196160 ms] 
[197160 ms] [trace t=19716 pid=0] [197160 ms] heartbeat windows=1 apps_alive=1 cursor=(640,400) btn=0x00 dirty=0 menu=0 desktop=1[197160 ms] 
[198000 ms] [tcp] RST rx tcp[4] lp=22 rp=50812 state=ESTABLISHED
[198160 ms] [trace t=19816 pid=0] [198160 ms] heartbeat windows=1 apps_alive=1 cursor=(640,400) btn=0x00 dirty=0 menu=0 desktop=1[198160 ms] 
[199160 ms] [trace t=19916 pid=0] [199160 ms] heartbeat windows=1 apps_alive=1 cursor=(640,400) btn=0x00 dirty=0 menu=0 desktop=1[199160 ms] 
[200160 ms] [trace t=20016 pid=0] [200160 ms] heartbeat windows=1 apps_alive=1 cursor=(640,400) btn=0x00 dirty=0 menu=0 desktop=1[200160 ms] 
[201160 ms] [trace t=20116 pid=0] [201160 ms] heartbeat windows=1 apps_alive=1 cursor=(640,400) btn=0x00 dirty=0 menu=0 desktop=1[201160 ms] 
